"b'~\xc7h\xbd\x06\xd5\x87=X2\xf0\xbd\xfd\xca#\xbd\xb2o&>\xbb,/>\xd38D=\x17\x80O\xbd\xef\xd18\xbdx%\x0e>N\xf92=\x95\x02.=\xbfR.<\x1c\x19\xa1\xbd@Ve=\x18$\n>\xee\x89x\xbd\x9f\x80\xee<\xb9?\x90=\xf0\xc3\xdb\xbdz\x9b\xd0=Y\xcc\x95\xbc\xd5F\x1b<\xa4\x03\xcf\xbd\x978\x13>?6\xbb=\xa2>\xfc\xbcG\xc0\xf6\xbdt\xb1+>]\x89W=1\xa2\xf8=T\x84\xe0=\x01\xacQ\xbd\x1e\xf7\xf0\xbc)\xdd\x18=\xbd7\xcf<\x9c1\x93\xbc\x0b\x83\xa9\xbd\xea@P>\x0fNX\xbcQ\xd2\x12>?\xd3`\xbdX\xbb\xb8=C\xfc\xc8=\x18U\xdf\xbd9{\xdd\xbd~1\xad=]Z\xc2;\xec\x0b\xa9\xbc\xcd\xebT\xbe\x8a\xc3\xce\xbb~B\x89;%\xbd\xad\xbd\xc0\xa0_\xbdI\xec\xcd:9\xa4\xb6=\xd8\x8bw<=\xd2\xfa=;\x12\xf2\xbd\xceU\x1d=\x95F\xff\xbd\xec\\\xfd\xbd\x1f\xdbA>\x0c\x8f\xd3\xbd$u4>b\xf0p=\xb7\x85\xbb\xbd\'U\x11=,\xde\r=\x0fk\x91=]\xdf\x00\xbd\xb9#u>\xa2\x81\xad\xbd\x01\xf4\x16\xbdSj\x98<\x0c]\x88\xbc\x1a\xe7\xc6\xbc\xeb\xda\xde=\xaa\xd6\xda\xbdm\xde0\xbd\xb4\x81\x10\xbc\xd8\xbd\xb9=?9\x15>\nG\x06>\xcb;\xd6\xbd\xe9C\xa0\xbc9L\x02>3\xb9\xc6=0\xdc\xc4;y\x9b\xb6\xbd%?\xda<\xc5F\x1e;\x01W""\xbe\xaa\x9e\xc1<\x0f\xe2\xff< \xfc\x8f\xbd?\x01\xf1\xbc\xca6\xd6=i\xfc\x18\xbd~\xfci=\xdd\x8f,\xbd \x95\xd1\xbd\x98\xa6\xf6:#\xe1)=\x00\xdc\xcf\xb9\xf8\xf3\x9e=\x98)\xdc;\x17\xf3\x8d=\x897\xac=R6\x89\xbc\x7ff\x9f\xbd\xeci""\xbb}\xbdq\xbd\xd2\xfaN<\x1b\xbf(>\xf1,\xd7\xbc\x97A\xf0\xbc&\x11\x1c<\xaf\x0b\x04=\xd1\xec\xc8=\xc6\xa0\x0b>L\xcbG\xbd\xffoT=|\'g\xbch8\xd8\xbdq\x0c\xc4=5\xad\x1d\xbd\xbf<\xe4='"
"b'\xbb\xa7\x05=\xc0\x939=y\xdb\xd0\xbc\xdf @\xbd\xc9\x1d\x1b>\xf8u\x08>H\x1a\x01=o\x93\x05\xbd\x1a\xed\x03\xbe\xb9\xe2\xaf=\xdf\xc7\x96=\xf6\xc1\x11=\x01A\x9a=ZY\xf6=\xc5\'5>\xb5s\x12\xbd4\xa6\x0b=\x18\xc1+=\x1a\xbf\x98=\xcd\xc3\xe4=H\x97\xc5<u\xfb\x84\xbc\x80\x17&>H\x02\xa6;\x17\xa0\x1b=\xa3\xe4\xdd\xbcZR\xa6\xbd\x08\xf6T\xbd\x0c\xa4\t>\x04\x04\xbc<q\x7f\xaf<U\xbde;\x08\x90C=\xf1a\x01<\x03\xb1\xf5<\xe0\x12\xe0=R\xc8\xd4<\xb4U\n>\xabl\n=\xf6\xa0=\xbd?\xd2\xc1<\x7f`\x83=\xd9R\x10\xbd8\xb9Z\xbd\xb0\x9f\x91\xbec\xed\xe5\xbc\xfe>\xa1=\xffM\x03=m\xa6\x15\xbdb\x98\xb8<\xd2x\xba\xbd\x8aO\xaf<\xc65\xb0\xbdb0\x13=88_=b\x97\x96<$\xba\xdc<+w >\xbb\x18\x0b\xbe/m\x8f<\xa4\x1d8\xbe\x9cpq<\x9e\x9dE>\xe5(Q\xbe\xc7H\x1a>\xd6%\x1a>\x91b\xa0\xbcJS\x84=P\xa0\xe5\xbd\x0bt\xa8=\xc8x\x88=v\xc76>\x19\xc2V\xbdB}j=]\xe5\x9c=[\xb4\xf4;\xf6p\x9c:{`-\xbd\x92)\x9d=\xff\xae\xc1\xbd\xc3\x19z\xbd7\xe5\x05=[\xbd\xc5<u\xe8\x88<\xebL\xb29\xcfY\x14\xbd%\xe7\x08;\xb6\xa6\xbe=E\x9d\x9e=\x9f\xb6$=d\xe8\x16>R\xfc\x8c\xbd\xf9\xe1&<\x19\xba\x12=\x0e\xd9Y=\xa9\x02e\xbeP""w\xbd1\xe2\x1c>\xd4f\x15\xbc;\xebO;W\xa8$\xbdVT\xa8\xbcUMk<\xb0\x833\xbduR\xe5\xbd\x07z\\>Y\xf7)=\t\xa5K\xbd\xac\x914> \xc4v\xbd0\x07\x99\xbc\x07\xe2\xbd=\x9f\x9e\x11=\xbe\xd8\x8c=-\xd1\xb4=,u\x1c<\xf0\'\x0c=h\x17A\xbd\x19\x0b\\<~\x98/>9\xae7=\xb4z\x02\xbe\xae\xa8\x0b\xbb\xf8\xd0\x8a=B*\x9d\xbd\x9bm\xee=R\x10\x9d=W\xd1\x8c='"
"b'\xec\xdf6\xbd\xea\x18;=n\xe5&\xbe[\xd9\xd5\xbd\x95,\x16>\xfa9E>|\xdf\xf1\xbaR\x954\xbd^\x17X\xbdQNP>\xc8\x0cB=\xb5j\x8c\xbcb\t\x03<\xd2\xb6\xb7\xbd4&\xcd=\x8c\x96\t>\xb4B\xcb\xbc\x94\xd8\xa8=\xba\x1e\xc5=o\xea!\xbe\xf2@\x88<\xa6\xa6?=\xb5""""=\xea!+\xbe\x80\xe8\xc9=K\xa1\xc5=\xbb\xa7\xa8<\x82&\xe0\xbd\x17\xf8\x16>\xa9""\xc6\xbb\xaa\xe2\x00>\xec\x8c\xd5=C+h\xbdx\xa8h\xbd\xd1?\xaa=\xc8J\x02=dQY\xbc6\x11\x05\xbe\xf7\xc2~>\xe2\x05t<\x19\xce\xa6=HU\x90\xbd \x1d\xfb:\xcd\x02\xa1=\xaa&\xb7\xbdH\xd8\x8a\xbd\xc5\xa4\x82<7H\xae=e\xc1\x1a\xbdE\xd9S\xbe[\x80\xbf\xbcd5\xb2<\xba\xd5N\xbd8\xe9\xc2\xbd\x0f+)\xbe\xc6\xb1\x85=*\xb1\x8f=\xe71w=e\xd6\xfd\xbds\xd4\xc0=\x90\xfc\xcc\xbd\xed\xc6\x8a\xbd\x86\xe46>\xf2\x97\xa9\xbd\xc9x\x0e>\x96\xd2-=(@\xad\xbd\r\xc5\xd7=-\xd2\x8b=\x94\xbce=-\xf4\x11\xbd\xdd\xcaA>\x90\xc2\xbe\xbd!X\xa4\xbdc\x9d6\xbdV0p\xbd\x89\xa9b\xbd\xda\xa0U=\x86<\xde\xbd\r\xbc\x89\xbd\x84\x16\xff<#\xa9\xac=\xb1\xec\xa4=m\x94\xe2=\x97\xac\xd3\xbd\x7f\x11\xa4\xbb\xf5\xa1\xa7=p\xa17=&\n-9\xb0\x9f\xa0\xbd%\x0f\x17=\xe4\xf8\x8c=\xd8\xb2\x0c\xbe\x0b\xbe\x98=\xd8\xabx=\xd7:\xea\xbc5\xaa=\xbd7\x89\x90=\xf5\x13\xac\xbd\x03x{=\xf7VG<\xf2z\xf0\xbd\x02\xdf#\xbd\x02\xa0\x93\xbc""\x91\x95=\xa0\x1d3=-\xef(=`\x07\xd3\xbb~\xe1\x8c=\rXt=\x13gD\xbd\xbd1\x80\xbc\x16\x9e\x14=\xfb&\x8e;\xce\x08\x01>\xae\xebB\xbd\xea\xbb\xa3\xbd+\x84(=\xef\\/=\x9d\n\x0f=g\xf2\x08>\x9e\xa7\xfb\xbd\xc3\x0f\x8e=\x8e\xaf\x85\xbc\x06\x89\x87\xbdO\xc0\x13=\x91I\xb7\xbd\x10F\x92='"
"b'\xcd:\x04\xbdr\xdb8=\xe8\xcf5\xbe\x17\x981\xbd\x0cx\xbc=6G >\x96\xa5\xc7<\xb0\x0cV<+\xf1\x1d\xbd\x15%U>\x85\x90\xba=\x1c7\t\xbd\t\x88r=\x0c\x8bn\xbd\x84Hl=\xa9\x0b(>Y\xd6W\xbc\x1c&\x8c=sa\xa3=PK\xb4\xbd\xa7\xa5\xe3=}\x85\xb1\xbd\xce\xcb\xbb<l\xa5\xf1\xbd\x01\xc8\xe4=~\xee\xc8=H\xbaz\xbcq\xf5\x16\xbe\x10\xed#>\xf8r\xa5<K\x05\xf2=\xe8d\x0c>\x90\x84\xfa\xbc\x19\xe55\xbd\xc5\xc5\x05=\xa8\xdc\x1c=\xc0)\xa6\xbc6\x1f9\xbc3\xe6L>g\x9f\x80\xbd\xd1\x98)=\xa1s\x96\xbd\x90\xc7\x12=\x87\xf9\xd8=e\xadu\xbd\xae\xd6""\xbe\x98\x1fv=\xe0\xe2\x15=8\x12u\xbdD\xcfg\xbe\x013\xf4\xbc\xb5\x88\x82\xbc\xc7\xdc\xa0\xbd?\x9cl\xbd\x98\xf2n\xbd\x97 \xb0=\xcc{\xa9<\xb6J\x93=d\xe2\x90\xbd\x069\xc2\xbc\xa2\xdd\xe8\xbd\'\xd3\x14\xbe\x97FJ>\x96,\xf5\xbd\xab\x81\x17>7\xf7\xf6=\xe0\xc0\xbc\xbd\x94\xc3\x8b=>\xber=\xa1\x94<<\x0b<\x83\xbd_\xbc:>\xb1\xea\xc7\xbd|k\x98\xbd\xe4\xdd\x04\xbd^A\xc8\xbd\xd8\x95z;\xbf\xba\xcc=\x1d_\xb4\xbdf\xcd\x85\xbd P\xdf\xbcl\xc4&=\xde\x141=<\xe6\xd9<b\xc2\xc8\xbd\xb7D\x1d<\xdbU\x93=\x02\xc8\x8f=n\xb8\xca=\xec]\xbf\xbd\xb1\x01\xfe<\x8a\xbeF<sK,\xbe\r\x9e\xee<\xf4e\x92=\x1f\xf1\xe7\xbc\xa8k\t\xbd\'\xc2\xe1=1\x18\x8b\xbd&\xd0\x94=J\xb1E\xbc,\x85\x00\xbe\xa1G\x81\xbc\x8b\x96\xb2\xbar\xbd\xe2<Sf\xbd=\x1f\xa1\xd1<\x8e\xec\t<\xc7P\xfc=>\xcc+\xbd?\xca\x08\xbeQ\xa9\n=YW\xb1\xbc\x0e\'\x95\xbc8\xe7Z>\xa8cJ\xbd\x15\xdd\xec\xbc^\x93\xc2\xbce\xee\x96=\x06W\t=\\\xb9\xc9=\xd7\x8a\xbe\xbd\xb6.\xd0=\x86\xfd\xed<\xb6\x96\x87\xbdb\'4=\x95\x8e\xb8\xbc\x97\xee\xb2='"
"b'\xf1\xc1\xcb\xbc 1\x13=\xed\x93%\xbe\xa4\xbb\xe3\xbbr:\x08>/\x1e=>Xt[=68\xac\xbd\x14\xa0\xee\xbd\xf3\xa2"">\x9f\xd0z=\x84\x8d\x95<p\x0e\x8a<\xaf\xac\x7f\xbd\x7f\xd2\x84=\xe1\x1d\x0b>a\x99`\xbd \x90Q<\x16\x19\r>\xf7Z\xd2\xbd|\x19\x90=\x88\xb7N\xbd\x0f\xd9\x83<\xd5\xdf\x1c\xbe\xfd\xe4\x06>dA\xdc=r\x82l\xbd\xdc\x87(\xbef\x11\xfa=5\xbfb=\x03S\xb3=\xb3\xc3\xdb=\xb9\xd9\xab\xbd\xe0U\xa0\xbdi+f=O\x93`=\x9d""\x90\xbd \x13\xda\xbd\x84IW>\xdd;\xb6\xbc\xddz\xac=\xd6\xe5r\xbdm\xef\xe9<\x8cS\xc3=\xa9\x96\xd1\xbd\xa0\x10\x92\xbc\xd6A\xa5=\x06\x9fL<\xd9\xc8|\xbd\x1f#v\xbe\x18Z\xdc\xbb|\x18\x8c<\x93\xe7j\xbd{\xdf\xa1\xbd|\xb7\xf6\xbc\xf9\xb2\x8f=\xe6,\xd2<7\x99\xfd=\xf9 \xb5\xbdg\n\xc9=nu\xa9\xbdKh\xa1\xbdO\xc0P>L\xe7\xe2\xbd\x82Va>\x96Ud=q\xb9\xb1\xbd\x8d!\x91=\x94\x82i=>\x83K=\xc1\x05\x02\xbcN\xe9\x81>*y\x99\xbd\xe4)\x96\xbd\xa3H\xc5\xbchx\xaa\xbb/\x7f\x08\xbd\xf7\x83\x9c=\n\x80\xd6\xbd\xbd\xfd\x03\xbc+\xa0\xc4\xbb}q\xa7<*:\x96=\xb8s\xa6=7\xe0\x1f\xbe\x0c\xf5\n\xbcg&\xd7=\xa3\xcf\xe2<\xcdk\xcc\xbci|\xe1\xbd\x88\xeb\xa5<@.== \xfe\x0b\xbe2@\x11=/$\xb0\xb9h6z\xbd\xb0X\xbb<m\x97\x88=\x07A[\xbc\x13\x14\x84=n\xaa\xa5\xbc\x10}\x81\xbd\xd2\xa3i\xbb\xbf/\xe7\xbc\xfd:\x0e\xbc\xbb\xb0\xba=\xc7\x9a\x1a=\r\xfa\xae=\x9f:\x82=\x10\x82\xb1<^3t\xbd\x0br\x05\xbd\x9d\xddz\xbcQ r\xbd\xae5!>\x046\xa59\xb6z\x89\xbd\xe7\x94\x1a=<\x83\x94<\xf1~\x8a=\x03e\x9c=\x92M\xea\xbd\xc0\xb4v=\xc1\xfd\xfc\xbb\xe9\x8ei\xbd\xed@\xfa=\x9c\xe7,\xbd(\xa1\xcb='"
"b'\x94\x8a\x9c\xbd\xaa\xd0\x83=""\r2\xbeT\x90\xe4\xbc\xd3e\xc9=\xd8\x08^>\xd7\x85y;\xed\x90\x8f\xbd\x86\xee8\xbd\x9fGB>Y\x9eR=\x05\x8f\x7f<_\xae\x0b\xbc_\x9f\xf5\xbdXI5=|Y\xc3=\x90I\xe8\xbdGk&=\x8aE\x04>\xd4\xf2\xfd\xbd:D\x08=\x93\xb6\x84\xbdO\x7f~=\xcb\xb0\t\xbe\xb5{\x03>\x8a,n=\x1d\x1d8<\x85\xe1!\xbec\x1d\xc6=\xcc\x1c\x98<3h\xe7=\x0e\xccH=\xb4\xbe)\xbd\x92\xbc\x90\xbd.z\x8d=\xca\r\x0e=\xa4\x02P\xbd\x9a\xf6\x05\xbe\xb7\xf9?>\x0f\t\x12\xbc\x9bq\xc0=\xd6\x18\t\xbe\x17k-;\xb1\xce\xb6=\xca\xae\xfc\xbd5\x9f\xad\xbd\xcd<a=f0k=m\x0f\x14\xbd\x01\xa80\xbe\x85-d\xb9\x99\x0b\x19=St\xdb\xbcVf\xa6\xbd\xc8\x11\x92\xbdr\x8d\xa9=?\xb5\x90=g\xa4Y=(\xf2\xd9\xbd\xa6/x=\x9eV\xe7\xbd[\x83\x97\xbd\xe8\xbeX>/v\xe0\xbd\x85\xc3E>F\x17==\xeb\xe6\xb5\xbd\xe6\xbei=\xe6]\xee<\xb2`\xa8=\xc8e?\xbd\xccPe>\xa3,\xda\xbd\xd4\x15\x9e\xbd9\xd3.<\x7f\x00\x85\xbc\x89\xb1\x16\xbd\xa0\x1d\x8e=\xf8\x00\xc8\xbd\x99\xc8\xc4\xb9\x10\x9f \xbd\xa5\xf7m;{^\xd3=B\x9e\x05>\xab\x1a\x15\xbe\xfd\n\x85<\xde\x8a\xb0=\x07\x88m=\x07\x19\x98<\xf5y\xb9\xbd\xd5\x83i\xbb\xe8\x86\xef<\x9f\xe5\xc3\xbd\x02\x16D=\xc6\x0c\xe8\xbb\x1er\xb5\xbdBn\x04\xbd\x95\xc0\xa9=\xf0\x06\xe2\xbc+d0=F\xba$=\xc2D\xae\xbd9\xaf\x00\xbd\xaa\xc59\xbd\xa4%\xb5=0\x1d\x93=\xaaj_=p\xbbM=b:\xbe<\xb2oR=\xa2\x87\x96\xbd\xe1\x16;\xbc\xbe\xf6F=!\x03*\xbd3(\xf9=\x96\x93\xa3\xbb`\x8em\xbd\xae\x9e\xb5=Wz\x97=l\x02\xc1=\x19\x9b\xe4=\x98o!\xbe\xe0\xb4\x19=2y8\xbd\x16fu\xbdmf\xf2=\xd3\x1b,\xbd\xd1K\n>'"
"b""\xe3\x18\xaf\xbc0Vu<\x91\xb0:\xbe\xcc\xf7(\xbd6\x00'>\x0e\x05L>\x18\x9d\x04\xbd\xc8X\x0b\xbe\xcb\x97\xcb\xbd\x84\x86\x0f>\x83\xb4[=l\xe9z=M{@=\x86\nH\xbdC\xb0\x84=\xed\x1b\x19>5\x97G\xbdc\x0c\xc0\xba\x85M\x00>%fo\xbcn\x03\x1c=^\xa5F\xbc\x8eY\xdd=\x10\x00\xa6\xbd\xf6\xf8\xcd=\xaex\x00>\xdb\x01\x15=\xf0\xeb!\xbe\xe5\x83\xd0=~\xc3Z=\x04\xe6\xd1=3B\xd4=,(\xfa\xbc\x0b\xf2\xb3\xbc\xf0?Z=\x1a\x90\xd9=\xfee\x92\xbc/_\x9e\xbd\xfa\xf40>q4\xf6\xbc\xd6,{=\x0f\xe0\xcb\xbdY\xd0\x10=\xfaP\xc6=\x03w\x18\xbe\xb92\xd8\xbc~\xdd\xdb=\xbf~\xd2=\xc7\xaf\xc3\xbc\xee\xc9\xcb\xbdY;S<\x02R>\xbb/\x9aT\xbd6\x00\x94\xbd7q\xdd<\x82aJ=\xfa\xc8\xe8<n\xed\xee=\xa9\x8d\xbd\xbdx,\x98=\xd0\x97\n\xbe\x1b\x0c\xb1\xbd\xcc\xa5q>IN\x07\xbe\x02i\\>\x8az\xaa:\xac\x8c\xea\xbd2\x95\xc1=\xf3~J<\x80\xde\xe0=\x02\x08\x82\xbd\xba\x9fk>\xba\xfe\xff\xbd\xd2\x90t\xbdc4T\xbbU\xa8\xd5\xbc\xa4h\x1e<\xa6p\xd9=A\xfe\xa1\xbdq\x1a\x9d<>,.=\xafW\x1f<\x8ap\x93=\x93\xf4\xac=\xf2\xe4\x10\xbe\xc1 h\xbdJ\xa6\x9a=\xcfk\xa7=\xef\xea\x8d:\x89\x06 \xbd\x84\xed@=\r~\x1a=\xf1\xac\xf7\xbd#?\xb0=\xfdj\xa4;N$F\xbdq{\xbf\xbc\x15\xfc\xfd=\x00\x08e;\xa9)E\xbcX\xb0\x84<W\xf5\x8c\xbd\x08\x87C\xbd\xf4\x89\xa3\xbcU\x96\xb5<I\xa4\xa0=\x81\xc8K\xbc\xc0t\x11=\xde\xa5\xa1=\x8b-*=\xabq\x8e\xbd\xf5O6=&\xf0\xc8<h\x8a\xe5;X\xbd\xf9=2\x15\x87;\xe6n\xbd\xbc\xf1\xb4\r=\xcb\x93\x0b\xbc\xc4D&>\xc9\xa1\xec=\xa4g\xd2\xbd\xb7\xc1\xa3=\xd3*U\xbbjI\x01\xbe<\t\xe5=\x00\xda\x81\xbc\xff%\xd9="""
"b'\xe2@\x08;\nZ/=\x8eb\xc3\xbd\x8eK\x0e\xbd\xc6l\x84=\xaa\xe3\x01>\x0e\x95<=\xb8\x89>=\xcfe\x90\xbd\xb9\xba{>?\xc1\xbf=5 \xd3\xbd\xa7\xcc2=\x80\xf0&\xbd\xaa~\x9d=3\xd8\n>EP\x01=\xc4\xabN>\x92\xdb1=\xc7\xa1\xcd\xbdB\x93\xfb=\x92\xc3\xfd\xbd\x04}3=$\xfb\x03\xbe\xa7\xa4\xc5=aY\xdd<k\'\x89\xbd\xb7\xd3\xe1\xbd\xd3K\xf5=\xdb\x02\xe6\xbcy\xc4\x81=I\xfc\xd5=.\xb1\xef\xbc\xa1?\xf9\xbcw""\xce=\x9fW\x94\xbc\xb5\xc0h\xbdm*\xa7<\x89\x1f->\xfcS \xbe\x8b\xd8(\xbd\xcf\xdeJ\xbd\x88\xd1\x91<\xc1?\xa3=L\xd0\x1e\xbd\xa1\xc8\x13\xbeN\xf9\xa2\xbb\xa1\x95N=\x17\xe2\x11\xbe\x06hJ\xbe\xdctn\xbcq\xfc\xe9\xbc\x8e\xa7\x97\xbd\t\x8c\x80\xbd\xaa\x9d\x03\xbe\xf2T{=\x03I==\x86\x9b\xf7;)\xe5(\xbd\x97;q\xbd\xa2 \x04\xbd\xf6\x03\xbd\xbd\x1a\xab\x04>\xd4\x99\xa4\xbd\xaa\xb7\x10>}!*>\xe5\xfd\x14\xbe\xb7g\xab=\xa4\x1b\xac\xbb\xfa\x99\xf1<\xe1\x02\xe1\xbc\xc2""\xda=8\xcfd\xbd!""\xf3\xbdH$\t\xbeE\x84\x03\xbe\xc8tH<\xa3\xd2\xdf<\xd7\xe8\xde\xbc\x17\n\r\xbe\'>\x93\xbd""5\x8a<5\xc8%\xbd\x81r-\xbd`\xa7\xae\xbdm\xbe\xef\xb8\x0f\xf9\x02\xba-j\x0b=1p\x18>\x98\xc1\xbf\xbc9\xaa6=@\xd4\x8b<\xd1/\x13\xbev\xe0\x8a:\x13t\xad=\xc5\xa4\xcb;\x13\rC\xbd\x13\xac\xf2=\xc4j\xf5\xbd#6\xa7=\x9cB\x84=\xaf\x07\x9d\xbd\x01MP\xbc:\xf6o\xbds\x1b\xcc=d\xea\x97=\x80\x0c\x9c=\xa89,\xbd\xd3H1>Huy\xbdmi\x00\xbe\x05\xe9\x12=m8\xdb<\xd8\xb0@\xbc\x8b\xf9q>\xff\xca\x91\xbd\xfbs\x1e\xbd\xca\xad\x1e\xbc\x8b*\xbb=\x9dK\xd5\xbck\xd9@=\x81\xa5\xfa\xbd\xf9J\xaa=z\x96(=A\x7f\xe1<{\x83\x11\xbbc\x90\x0c=T\xb8\x81<'"
"b'-\xa6\x84=q\xff\x07>\x9c\xa9\x90<R\xe1\x9f\xbdm\xf1:= .%>\'\x17\x91:{\x0f\xed=\xe9\x8d\xaa\xbd\xfe-\x14>\xb7\xe2\xb8=\xd5J\xce\xbd\x9a\x17\xb4=\\\xcb\xae\xbd""\xbe\x95=\xa2\xfb\x0b>\xbbo\xd4=d\x18\x1f>\x87\xe2\x9f\xbd\xd6#D\xbd\xe0\x88D>\x13\xee)\xbd\xe0J\x86=\xcc\x15\xe8;\xed*\xbb<@\r\x8a\xbc\xec\x96\xa0\xbd&\xc2\xca\xbd\x8dR<>\xb5\xf1\x08\xbd)\x82\xb8=+\x9a\xb2=3T\x0b\xbdf\x94\x8a=8U@=k\xf7\x01\xbd@7\xcf<\xaa\x1d\n>c\xcd\x1a>\xd1\x1fP\xbd*\xa7\x9c\xbd\xc3\xa9\xaa\xbcV\xac\x91\xbc\xe6\x91R\xbcJ\x06\xa6\xb93t\xfa\xbd\xd7r>=\xf4\xb6H<\x12\x08Y\xbe1K\x8b\xbdEq\xd2<z<\x0f=f,\xf3\xbd\\-v\xbb\x8b\xe5\xfa\xbd\xda\xb5\xe0<\x0e\x8e\xd2=\x1b\x86e<\xcf\xa1;\xbd\xd8\xd3\x05\xbe-\x08l\xbd\x08\xe6\x81\xbd\xad{\xaa=\xba""/\xbex\xd6}=O\xc6F=\x1eph\xbd\x9b%\xb9=\xc5\x1b\x93\xbdS\xba\xab=\x03;\xeb\xbc\x18\xfcd=<&\x06\xbe\xa2E+\xbd\x81\xaf_\xbd\x9b\xab\x06\xbe\r\x14\x1b<s\xb5\xd9=\xd6\x9a\xac<\xb8\x0fZ\xbd\xe1\x05\xd2\xbdI\x17l=a\xff\xef;\xb7_%\xbd\x0e%\x96\xbb\xe7\xabV<bQ\x91;\x86\x8f\x84<\n\x00\xf2==""\xe2;Y^V=\xd4\x15\x80\xbd\xd3\xb7\xf9\xbd\xfa\xe0t=@\x98\xdc=&\x1e\xc1\xbb\x0e\xee\xba\xbc\xaa\x05&>\xfcL9\xbe/:g=$\xcf\x87<\x03\xf5%\xbd@g\xe0\xbdLw\x1c>\x0c1s=\xd1hh=\x0f#\xbf<\xae\xeb\x02\xbd\x04\xf8A>,k$\xbe)\x9a\x12\xbe\xf6\xcb\xc0=J \x1f\xbd\xa3S@=\xa1_r>3\r\n\xbd\x97\xae\xb8\xbd0N\xdd\xbd\xd2mX=(\xd2\x8a=\xf2\n\t=J\xfd&\xbcxP\x89=\xe3\xa4\xa2=\xc6\xbd\xf4<-L\x1b\xbd\x07tI=\x8b\x0c\xf5\xbc'"
"b""\xfc\x16\x01\xbde?\x85<f\xb8\n\xbe]G\x91\xbd\xb4\xdc\x1c>\xebd,>5\xf4\x86<\xca\xda\x9c<\xb1\x0e\x8a\xbd\x98\xf4V>Y&G=\xeejx\xbc\xb3\xd2\xa3\xbb\xda\x91\x00\xbe\xfa\xfe\xe9=C\xac\xdb=\xb0M\x95<\xca\x8e\xd8=\xd8\xaf\x08>o\xc1\x0b\xbe\xf0\x04U=\xe1\x90D<\x97\x90\xb8<\xec*\x04\xbe.\x06\x0b>%p\xaa=\xa5\x84 =\x01C\x0c\xbe\n\xc0\x12>\xee\xed\xa6\xbc5\xe9\x04>\xfbMI=w\xe9\xf3\xbcM>H\xbd4q\xec=\xa1v\xd0\xbb\x91\x8a\x959|\xcd\r\xbeT&^>yh\xa4\xbd6C\xd1=\x99\xf5\xa5\xbd\x02\xd4(=\x92\xfe\x11>\xd6\xae\xef\xbd\x14\x11\xbc\xbd\xfb=\xce<0\rx=~\x17R\xbdB$e\xbe\x8aR\x15\xbc<\xd9\xdf\xbc\x9b7.\xbd\x969\xdc\xbd\xfb$\xfe\xbd/\n\x9f=\xe5\x88\x01=\xa1\x9d\x1d=\xab\x1f\xc4\xbd\x13\xc41=\x9f\xca\x97\xbd\x80\xbe\x03\xbe_(\x16>\x131\xa3\xbd\xb1\x981>\xf5\xc0\x14=!_\xd8\xbd\n\xca6=;S\x7f=\xda?\xd9<\xfe\xd9\x7f\xbd1V->\xe8'\xc9\xbd\xa7\xc8\x14\xbe\xec\xd3\xa4\xbd\x83]\xa0\xbd\xc0\x9f\x13\xbdY\x8e\xf8=s\x06\x8e\xbd\xf8Lh\xbd\x05\x8f\x0f\xbd\x8c\xf0\x85=\xd1\xd9\xa0=\xa8\xd1\xcd=\x88\xad:\xbdw\x999\xbd@R\xac=(\xd0\x97=\x99\x8a\x1f='\x19\x8a\xbd78\x0e=S\x1d\xa1=\x8f\x1b9\xbe\x8b\xf4&=*\x00_=\xa8\x12\x1b\xbd\xe7\x86\xb1\xbc\xde\xa2\xa5=\x80K\xe4\xbd\x88\xb7\x1a=\x04}\xf1;-\x05\xb8\xbd\xef\xee\xa1\xbbK\x05w\xbd~B\x8a=5i\xfd<\xd0e\xa7=\x85\xf0M\xbc\xc3\xbe\xb5=\xf9\x97(=\x003r\xbd\xa9\xcb\xf1\xbc\xf74\xc4<\x01\xe2\x8f\xbceD%>\xb7\xc8\xa5\xbd\xb9\xee\x8a\xbd\xa2\x9d\xa0\xbc\x9c\x17\xd6<\xe9\x86\xb9<\xe5\xc0\xe9=\xc9\x89\xd7\xbd5\xaa<=-\x9b\x00\xbb\x08\xda\xea\xbc\xf9\xd9e<@\xb2\r\xbd\xa1;\x83="""
"b'\xd3\xdd@\xbd\xd1\xe7H=\x86\x1f\x0b\xbed\x90\x12\xbd\xc7\x85 >w\x7fS>}\x94\x07\xbc\x1c8t\xbd=\x9b\xa7\xbdh\xb3G>\x07\xdc;=\xb2\x12\xc2\xbc\xc3\x7f\xfa;\xa8\xa6\xc9\xbd\x1c[\xe4=@\xa5\x08>\r9\xee\xbcg\x08\xa3=$\xe7\xe0=.]\xed\xbd.\xa0\x80=\xe4w\xfa\xbcu9\r=%0\x18\xbeu\xe9\x1f>\x10ll=F\x85O\xbd2v\x0c\xbeNB\xdb=I\x1f\xd6\xb9\xe8\x11\x10>\x1f\x1a\xc0=cP\x9a\xbd\xe2\xe9?\xbd\xa8T\xd9=\xcf\xfa\x8c=\t\xa5\xe4\xbc\xa6=#\xbe\x87\xc9h>\x7f\x17\x8c\xbd\xd8\x93\xc3=\x17\xd9\xb6\xbd\xb0}E=\x91\xf7\x92=pF\xab\xbd\xb7!m\xbd(\xeee=\x93\r\xb5=\xc1\xeeq\xbd\x11)Q\xbe[|\x89\xbc\xb0^\x0f\xba/\x08A\xbd_\x9d\xd2\xbd\x83\x1a\xb8\xbd\xdb\xf3\x80=\xc0\xda\xea<\x0f\x8f\x03=\\\xa0\xb5\xbd\npI=B\x0e\xa4\xbd@\x1dY\xbd\x92\x82\x19>U\xea\xdd\xbd\x0eh2>\xd9\xe4\x92=\xf4R\xc9\xbd\x1f\x97\xc6=\x9ffT=\x19_\x88=M\x9f\xb9\xbc\x9a/l>\x82\x0c\xbb\xbd\x06\xc1\xf6\xbd\x88\xb4E\xbd\xcf7\x1d\xbd5B6\xbd\xff\xf5\xb3=\xb5r\xa0\xbdi8\xee\xbcM\xff\xa2\xbb\x8aD\x87=\x8c\xc1\x92=\xf9w\xd1=\xd1\x0f\x02\xbe\x9c]a<\t[\x94=\xdd\x9e\x87=[\xb1e<\xb3\x96\x82\xbd\xd7\x0c*=\xccJ\x98=&{\x02\xbe\xcfNY=\x84E\xf2\xba\x15\xa9A\xbd\'\xc1\x06\xbd\xdc\x08\xaf=\x0c=\xc4\xbd6\xa5\xf2<yQ\xda<\t\x1b\xc1\xbdJ\x03\xeb\xbc|L\x8e\xbd`J\x93=\xf1\x9b\xab=\x8f\xa4F=\x079\xd2<w\xe4\x95=^W\xa0=\x14 \xaa\xbd\xd6\xb9\x04\xbd\xf5z?<\xe3<\xdf\xbc\xdc\xaa\x1d>\xcb:C\xbd/\x1f\xac\xbdg\xe3\x1e=\x96\xac\xa2<B\x97[=5v\xe8=7=\xda\xbd""l\x93=|\xf7\xe5;H[l\xbdpy\x85=\xe5B\xdc\xbc6\x18\xaa='"
"b'\x93N\r\xbdb\x03\x0c=\xa7\x0e7\xbe\x8a\x92\xf4\xbc\xb8\x0f >\x950e>\x9c\xe53\xbdB\xf8\xdb\xbd\'\x9a\xae\xbd\x84\xb5\x0e>\xee\xd6Y=\x00\x7f-=\xd9\xcdz="".\x97:rc\xad=\x89u\x1c>\x8d\xfd\xd1\xba\xd7Y\xd3;\x1b\xfd\xd4=B4n\xbdTr}=\xb8Q\xef\xbc\x06\x9a\x90=\xf3C\x05\xbdY\x95\x18>\x13\xb6\x97=s/u<\x1aD\xf5\xbd\xed\xaa\xc8=\x84i\x82=<G\x1d>\xee|\x00>\x98\xcbd\xbd\x0eu:\xbcg\x12\xd5\xbb\x08)\x0b>\x1a:6\xbd\x0bi\x0c\xbe\xc7:\x1f>\xbes\x19<1\x1d\xa8=j\xfe\x93\xbd\xb8\x92\x87=z\xf5\xab=o\x07\xc3\xbd:\xf8\xa5\xbd\x16\xdb\xd7=\x00\x08\xaf=%\xe4\xb9\xba\xd9r\r\xbe\xfd\xac2=\x86\xb0\xce\xbc\x07\xe3i\xbd\x0b\xc7\xc2\xbd\xfec\xd3;\x00\x93\xc5=Rmt\xbc|U\x19>|\x8c\xdb\xbc\x8cXC=G\x05\x1d\xbe\x11\xc9f\xbd\x93D:>L\xc1$\xbeB\xdd$>\xdaGB=\x8b\xef\xa3\xbd`[\xbd=\xceQ\x1a\xbb\x02\x06\xe7=\x9aE?\xbd[\xd5\x82>\xf3\xf0\xed\xbd\x05\x86\xae\xbd\xc6\xe4/<\xad\xd9\x00\xbc\xecBk<\xf0\xf5\xcd=\xd9:\xe7\xbd`\x1a\x1e<\x01A\x16=""\x07\x08=\x95\xba\xc1=\xb1`\x8f=\xfa\xdf\x1c\xbe\x7fh$\xbch\xe5\xba=#b0=\xab!\x85\xbcg\xc0t\xbd\xae\xde\xd4;\xa3""\x97<\xf4r\xf0\xbd\xdcQ\x89=\xd1\xe6\xee<^\xfeC\xbc\x9e\xe6;\xbd\xf8o\xdf=\xdc\xa3\xbb\xbc\x1e-\x8a<\xcc~z\xbc\xd6\xe3\xab\xbd\x94a\xe1\xbc7\x01\xc5<\xd0\x0e\xd7\xbc{\xb3\xd0=\x8f=\x93\xbd\xdb\x0f+<i\xa7\x1f=\x1c\xb4Z<\x970\xa8\xbd[\x93\x10=\xad\xe9\xfd:\xe6\xef\x06;~\x01\xee=,[\xf4\xbbD\xea\xc2\xbc\xb5\x82\n=\xfe\xb7\x9f;_\xa0%>\xb4\xda\x04>\x03\x87\xd6\xbd\xc2<\x83=R\xae\xa5:\x92P\x12\xbe\xf7\x1e\xe5=\xb0\\f\xbd\xa5\xcd\xe2='"
"b""\xbe\xa1\x1e;\xb3\x1d+>\x96\xce\xbf\xbd\x9dD\x88\xbd=\xca\x1d=-\xae\xd9=\x0f\xc0\x9e<\x1e\x00\x16\xbd0 \xb3\xbc\xdb|O>\x94\xf8\xd1=\x89\xdf`\xbd\\Q;=h\x89\xb4\xbb_{\xff\xbb{\xf57=\xcc\x92\xcd=\xc5\xfdm>\xbeF:=\xee\xd4-\xbe\xe4\xad\x07>\xdd\xf4\x15=\x12\xeb\x85\xbc\xac\xef>\xbd\xdep,=\xaet\x04=\x8cq\x10\xbc\x9a\x89\x97\xbd\xf2\xfc6>\x10%\x06>0\xc6\x0f=\xfd\xf3@=$%\xee\xbc\x19\xe6\x93\xbdKP\x02>\x8a\x0cn\xbd)\xca\xb2\xb9Dn\x01=^\xd80>\x8d\x7f\xb3<h\x99\xdb\xbd\xe4T\x8a=X\x1e\xe8\xbc\x84\xa8!>\xd4`R\xbd#\x8f\xa6\xbd\x19BN=\xed\x0cD\xbc\xf1\x1f\xa4\xbdC\xbeS\xbe<\x1f\x05>\x96\xb5\xef=\xd0\x8e\x01\xbe\xcbRS\xbd\xb0\xa2\x11\xbe\xb3e\xc6=\xde\xfe\x9e=\xc2\xa3y=\xdej\xda\xbc\xf1\x0b\x91\xbc;\x0e!\xb9]\xf8&\xbe6x\x0b>f-\x95\xbdys\xf5=V= \xbe\xcd\xfdf\xbc\x9d\xdd\xcc<\xa2\xf7\xbf<&P!>i\x90|=WH\xa3= ->\xbd\x81\xf7\x00\xbe\xa8v(\xbe\x16^\xcd\xbd\xadi\xac\xbd\xe7\x9e\xf9=9\x03\xb1\xbd\xe28\x0f\xbe\xcb\xae\x8b\xbd\xca\xa9!>+\x0f\xa8<\xf0\xffP=eo\\\xbc\xac\xfa\xa2\xbd\xb9\xbb'=\xed+\x95\xbd\xe1\xf0\x8e=\x89,\x82\xbd\xc1^\xc7\xbd{\x99V\xbd\x17[\xc5\xbdj><\xbd\xa2\x86\r>\x98g\xc9\xbd\xd0;v\xbc\x9c\xc2\xc3=\xf4R\xb5\xbd\xe8\x13\xd8=\x8a\x0e\xac:2\x05\xa8=x\x97\x0b<\xca\xa8\xbd=\x16\xea\x9b<\x14\xc6\xae\xbc\xea\x02\x07=S\xc9E\xbd\x84\xab\x01>\xa3:\xe0\xbc\x08\x82\x86\xbdL\xa0e\xbd\xe0\xf9t\xbd\x9f\xda8=B(\xdd=\xc8[\xa1\xbc\x14e\xce\xbc\xfd\xfa\x0e\xbed\xdb\xb7<\xe8\x84T\xbd\xa2\x9a$=\xc4\x8c\x01\xbdF\xef\xe8:-\x86\x9c\xbbL\xc79=\xe2\x98\x0e\xbd\x87\x15\xcc\xbc&< ="""
"b'\x1d&/\xbd\x97\xfc\xcc<\xd7E*\xbeIv\xfc\xbc\xf5\xad\x1e>\x90""g>Q\x1bD\xbdY,\xf9\xbd\xdf\xbey\xbd\x85\xf1\x0f>\xdc/s=\xe9\xa7\xe5<\x1eC\x87=\x022\r<(\xed\xcb=\xfd\x8b\x1f>]_\\\xbc\xb4 \xc5<W\'\xb4=fAq\xbd\xb9\xa4\x87=\xd5\x97\xcd\xbc1\xa5\xa7=^\xee \xbd\xa7\xc3\n>SN\x90=B\x8f\x8a\xbb\xeaQ\x0c\xbe\x80\xe6\xa1=\\\xcdg=\xf1\x9a\'>\xaf\x10\xfa=L\xdf2\xbd\xad{4\xbc-\xd1\xd6<\x1a\xde#>\x18\x92\x10\xbd\xaaV\xee\xbdz\xe3\x11>\x8c\xc3\xcd\xbbaS\x94=I\xfb\x88\xbd\x1d\xfa?=\xa5\xab\xa9=\x99\x9b\xcc\xbd\x99\xf4\x8c\xbd\x11\x04\xc5=s\x07\xcf=fa\x00\xbb\xf4y\x0e\xbe\xae{\xdd<\xf5\x7f+\xbd\xfd?W\xbd\x04\xb1\xc0\xbd\xd1\xbfW<f:\xc5=\x915{\xbc\xd0-\x0b>\xb3\xff\n\xbd\xa5\x838=^\x98#\xbe%\xebq\xbd,\xca8>\x84\xc2$\xbe[\xb49>\xdb\xb23=\xe3Y\xae\xbd\xeb\xf1\xf4=kAR;\x0e\xd1\xff=\xb5s\xd2\xbc\xa9\x1a~>?\xe2\xe6\xbd\xe6\x0e\xe4\xbd\xc3\t\x9c\xb9\xad*\xdc\xbb\x1d\xf2\x16\xbc\x83|\xc8=y\xa5\xdc\xbd\x8f\xbf<\xbb\x88\xd97=p\xb6#=J\x93\x93=\x170r=\r\x87/\xbe$\xbc\xde\xbb\xa56\xba=\x9bk:=\x99(\xba\xbc]_9\xbdJ\xa4\x83<\x1fY}<\x11\x13\xd6\xbd\xf2RU=\x8c\xfaF<\xe1\xd8\xe6\xbbs-~\xbd6\x8a\xd5=\x9e\x1e\xb8\xbc\xd7\x90\xba<\xec2\xdb;t\x10\xb2\xbd""z\x10\xbd=\xc2h\xbc\xa14\xaa\xbb\x972\xc7=\xe1_\x91\xbd#\xb9U\xbc\xa4#C=\x0fq\xfd<\x84*\xbf\xbd\xd8P\x07=\x1e\x9e\x90;\x94\xac\xf1\xbbnd\xfc=\xfbn\x99;\xa1W\x13\xbd\x7f\x9c\xf6<\xb2nA\xbc\xfb\x0b\x1f>\xfe \x0c>,\xe6\xd5\xbd\xe7\xc4\x8e=[~\xae<\xbf\xaa\x04\xbe\x12\x02\xe8=\xc8\x86<\xbd\t\xe0\xe6='"
"b""X\x98\xd0\xbdk\xae\xdd=\xef\x8b\xdf=\xcffM\xbc\x87\xec->\x7fn\x02\xbd\x7f5\x85;)i\xa0\xbd\x97\x83 <\xa1 %\xbd\xf8\xad%\xbd\xac\xa5D\xbd\xf6\xec\x90\xbc\xda\xe0\x01<\x13\x98\xcd=,z5=A,\x05=\x06(\x03>\xfb\xf7\xc6\xbb\xbf\xcb\x81<\xf9\xf9\x0b>R\xcf\x03=v*\xd4=(3V\xbdGp\xde=hb\xbc\xbd\x06\x96\x0e\xbe\xd8\xc8\xcc\xbcO\xb0Y>c\xc4X=U\xf2!>H\x05\xac\xbc\xe2o\x01>(Z\x94\xbd\xf4PM>\x97\xef4<\x86\xd9y<\xb4\xf5\\=\xc60\xae\xbc\xc8\xd9#\xbeHJ\xfb<\xbe\xa1\xb8=\x0e\xac\xd2={<\xf0=\xdb5\x08\xbe\xaeG\x9a= \xb1\x9d=\x11\xd6'<J\x07\xb7\xbc\xe8\xc5\xc7\xbdAA\x16\xbe\x90\x8b\x03:\xcf*\xe3<\xd5`\xd7\xbd\x1e\xc5\xc3\xbc\xce\xbe\xe2<\xd8\x9b\r;\xe1\xff\x8a<\xe2\x8b\xa8\xbd\xf7\xc5\xff\xbc\x16\xe9\xdc\xbd8\xbf\xda\xbc8\x01\xac<\x06\x82p<\xfd\x04.>x\x9f=\xbc\x06\x89\xc0\xbd\xb1O\xb9\xbd\xe6'\xed\xbd\tdX=\x07\xc4\x9c=\x86*\x82<MC\x84\xbc\x0c\xcd\xf8\xbd\xd7\x86\x07\xbd\x8d*\xa7\xbb\xe8\x16\xa4\xbd(\xfe\xbb<\x17\xae\xa0<(\xf1q\xbd\x14\xe5\x95\xbcN\xdd\xc9=\xf10\xb0\xbc\x07*\r>N\x8a\xbb=\xda7\xb1\xbd\xfe!\x8d\xbd\xb8{\xab=\xf5\x01{\xbdV\x01_=\x17'\xbb=\xf1\x1bj=\x84d\xfd\xbd\t\xc4\x88\xbdMv\xb5=9\xee\xb7\xbd\xe9[\xb4\xbdBZw>\xfdg\xfb\xbd\xcd\x1e#;Z\xfel\xbc\xec\x06\xb2\xbb\xc1\xa1\x86=\xb6\xfb\xb6\xbd\xbfgo\xbdX\x96\xa4=\xfdm\x13>\x81\t';\x8c\xd8\xaa>\xb58\x13\xbc\xb2\x98\x06\xbd\x1a\xcb\xa1\xbd\xcdv\xf9\xbd\x10Cb=\x9f\xa9c=C\x00\x07<?r\x81\xbbK\xacq\xbd\xfb&\xd4\xbc\xb6\xbc\x08>\x87\xa9\x89<\xa7V9=\xa0\xd0\xfb\xbdnyv<\xc9\xc2\x89\xbda\x94\x0f=)\xa3\xd4=\x91\x9e\xfd<"""
"b""X\x98\xd0\xbdk\xae\xdd=\xef\x8b\xdf=\xcffM\xbc\x87\xec->\x7fn\x02\xbd\x7f5\x85;)i\xa0\xbd\x97\x83 <\xa1 %\xbd\xf8\xad%\xbd\xac\xa5D\xbd\xf6\xec\x90\xbc\xda\xe0\x01<\x13\x98\xcd=,z5=A,\x05=\x06(\x03>\xfb\xf7\xc6\xbb\xbf\xcb\x81<\xf9\xf9\x0b>R\xcf\x03=v*\xd4=(3V\xbdGp\xde=hb\xbc\xbd\x06\x96\x0e\xbe\xd8\xc8\xcc\xbcO\xb0Y>c\xc4X=U\xf2!>H\x05\xac\xbc\xe2o\x01>(Z\x94\xbd\xf4PM>\x97\xef4<\x86\xd9y<\xb4\xf5\\=\xc60\xae\xbc\xc8\xd9#\xbeHJ\xfb<\xbe\xa1\xb8=\x0e\xac\xd2={<\xf0=\xdb5\x08\xbe\xaeG\x9a= \xb1\x9d=\x11\xd6'<J\x07\xb7\xbc\xe8\xc5\xc7\xbdAA\x16\xbe\x90\x8b\x03:\xcf*\xe3<\xd5`\xd7\xbd\x1e\xc5\xc3\xbc\xce\xbe\xe2<\xd8\x9b\r;\xe1\xff\x8a<\xe2\x8b\xa8\xbd\xf7\xc5\xff\xbc\x16\xe9\xdc\xbd8\xbf\xda\xbc8\x01\xac<\x06\x82p<\xfd\x04.>x\x9f=\xbc\x06\x89\xc0\xbd\xb1O\xb9\xbd\xe6'\xed\xbd\tdX=\x07\xc4\x9c=\x86*\x82<MC\x84\xbc\x0c\xcd\xf8\xbd\xd7\x86\x07\xbd\x8d*\xa7\xbb\xe8\x16\xa4\xbd(\xfe\xbb<\x17\xae\xa0<(\xf1q\xbd\x14\xe5\x95\xbcN\xdd\xc9=\xf10\xb0\xbc\x07*\r>N\x8a\xbb=\xda7\xb1\xbd\xfe!\x8d\xbd\xb8{\xab=\xf5\x01{\xbdV\x01_=\x17'\xbb=\xf1\x1bj=\x84d\xfd\xbd\t\xc4\x88\xbdMv\xb5=9\xee\xb7\xbd\xe9[\xb4\xbdBZw>\xfdg\xfb\xbd\xcd\x1e#;Z\xfel\xbc\xec\x06\xb2\xbb\xc1\xa1\x86=\xb6\xfb\xb6\xbd\xbfgo\xbdX\x96\xa4=\xfdm\x13>\x81\t';\x8c\xd8\xaa>\xb58\x13\xbc\xb2\x98\x06\xbd\x1a\xcb\xa1\xbd\xcdv\xf9\xbd\x10Cb=\x9f\xa9c=C\x00\x07<?r\x81\xbbK\xacq\xbd\xfb&\xd4\xbc\xb6\xbc\x08>\x87\xa9\x89<\xa7V9=\xa0\xd0\xfb\xbdnyv<\xc9\xc2\x89\xbda\x94\x0f=)\xa3\xd4=\x91\x9e\xfd<"""
"b'z!-=2p\x9b\xbc\xf7\xc9\x1a\xbeGx\x02=\x8a\xf7\x03<\x10\xfd]=\xbf\xf5\x91\xbd\r\xc6\x97\xbd\xac\x17\xe5\xbd\xf9\xe0\xd6=\xac\xa8\x99=\xaf\x96\xa5=\x15W\x95=\x04Kr=G\xd8\xef\xbd8p\x04>\xf1\xa0\x9c\xbc<,\xd8=A|\xcd=\xa6\x1dS=\x1e\xc3\x08>\xf26\xf6\xbd\x02(\xdf=\xdb-\xea\xbd\xc3\xfb\xbe<=\xa6\x11>(\x17\x1c=,\xca\xe5\xbd\xae\xccP\xbd\xcd<\x07>\xa4\xf6\x1b\xbeay!>eG\xaa=m:\xc2<5C0\xbc\x02\xde\xa1\xbb\x87\xec\x86<[\xc3\xbc=\r\x05\x1e>\tH\xec\xbdCw\xf4\xbd$\x01\x8f\xbdn\xdc\xe4=\xae\x88\xe6\xbc\xf5\x83\xc4\xbdc\x9b\xd1\xbdY\x90\r>\xb5M\x97\xbd)\x93u\xbd%\xc0\xbd<\xf8,\x02>\xec\x8a\x08=-\xaeL\xbd\xddo0>\x11+\x01>E\x1b\'\xbcV9M>\xa4\xa1\xc6\xbdN\x93\xb4\xbcZ\xd4\xa7\xbd\x8d<\r=\xf6,\x06\xbe;b\x03>M\xda\x87\xbd\xb1P\xb9=!=2=\xe8\x0f\xff\xbd7\xe0\xe3=3EW=\xf4\xca\xc5=\x06\xb90\xbd\x1c\xbd`=i!\xc8\xbd\xac\xde\xe3\xbc\xb3\x83\xa0\xbc\x10\x10\xdb\xbb\x1fe\x92=\xe1\xaej\xbc{\xc2l\xbd\xc1\x8b\\\xbd\x87\xb9W\xbd\xf8\xe8\x8c<b\xcdl=\x0b\xffM<\x95\x99\xb9\xbdIm/=\xb3\x97\xf0\xbbjUy=?\xfb7>\xe9F\xda\xbb\x195y\xbd= \x88\xbd8\x8b\x84\xbd\xb7\x0c|=\xd2e\xde\xbc\xec\x93+\xbd,-+\xbd\r/\\><2(=\x10I\xda\xbc\xa1\xdb\xa2=\xf8\x94\xb6<r\xf4\xda<]\xb6\x9a=h\x1f\xf6=f\x8d\x0e=R\x7f\xd6\xbcmVC=""\x8bQ:Cg\xae\xbdM\xb86\xbeJ\xda\xc5<5\x1d\x97<\x14\xba\x8e\xbc\xc6\xce\x03>P\x03\x1d\xbc\x03\xbf\xc4=\x14\xd6\x82\xbd0\xdef=\xe8\x8e\x08=|W\x8d=~\xea\xfc\xbc|\x8e>>B\xb4\xa8\xbd\\\xff\r<61e=V\x063>\xd5m\r>'"
"b""\xf6\xbd\x8d\xbcu\t\x88;\xea\xbe\xc7\xbd\x1f\xe5\xa6=O\\j;:!\xf9=\xb1\x1b\x99<\xb4\xa0\xec\xbc\n\x14a\xbd\xe2\x8d\xdc=:\x9a\x7f=\x0c@\xa2=\x155[=\xbd^H\xbd\xc5\xbb\xc0\xbdP\\\xca=<\xb7\xca\xbdIR3=\xc7\xec]=\xbd\xc0\x19<\xd6\xb96>\xdc;j\xbe<\xc3O<^0\xb7\xbd\xe0\x06\xa2=\x90\xde}=\xa4f\xc5\xbd\xc9\x07(\xbe\xe7\x9b\t\xbd\x8e\xa7\xcf=\xe76E\xbd\xe3\xea,>\xec\x96\x15;,\xad\r=G4\xe7\xbc\xb4\xb8\x7f<9\x13\xae\xbc0\xd1\xe6;\x8e0\x15>\xc1y\xf2\xbd\xb6L\xbd<U\xbd\x18\xbe\xa9B\xda=\xba\xd2\x99\xbdn\t\xb5\xbc(\xcf\r\xbe\xf7\x15\xf0=m\x92\xad\xbdub\xa6\xbd\x03\xd6\xa9\xbdF#m=\xc9Y\xa1<\x9d\x1e\x06\xbd\xbb\x97\xe7=\xa3,\x16>}\x9eU=I1\xd9=\x87S\x8b\xbdl\x05\x93\xbd\x86.m\xbd\xd7\xfb\x83<u\x83\xa8\xbd\xc6\xb8\xde=\x0c#\x03\xbe\xf3\x91\x07>\x1e\x15\xe9=\x12(\xbb\xbdX\xae\x85=\x1dHn;\x8dib=\x8b$_\xbdSF\xfe=Z\xba\x0b\xbe\xd2Me\xbc\x9e\xa3\x01=(\x94?=\x9e \xbe=\xcc\x98\r=y\xd5e\xbd\x81\xb9^\xbb\xdcp\x12\xbe\xec\xaf\xc6\xbc\x0b\xae\xc2=A;V=if\x0f\xbe\xff{\xe7=\x86t\x8a=)\xd6\x8e=Rd\xf9=\xb5+'\xbd\x0c; \xbdz\x0b\xc7\xbd\xd0\x85\r\xbd\x0ews=\x02I\xce\xbdVD)\xbd\x88\xbc\xf6\xbc@\xa9\xe3=I\xc1,=\xa7\xf0\x1f=Y\xed\xa6=.\x0e\x13\xbd\x00\x8b\x15\xbdc\xe8\x92=\xb6\xe3\x0e>\x0e\xa4\xcb=\xc1\x8e\x05\xb9\x96G\xf4=}\xd3h\xbd\xe0\x05\x8e\xbd\x800p\xbe\xa7\xf9\x1a\xbc\xb4\x90\x1c\xbdw\x9a\xc7\xbd\x91\xdb<>l\xe3\x82<\xecA\x08=[\x13\xf6\xb8\x19\\\xb3=\xb6^\xca=\xd2\x01\x80=\xb7\xc9J\xbdB\x86\xfe=\xb2}'\xbd#P\x16<\x8b\xaf\x07>\x10*\xdd=~\\\x07>"""
"b'\xa0@&=\xc0\xd4\x80\xbcT\xe7\t\xbe\xc2\xaf\x9c=D%\xfc<\xd4R\xaa=\x8b-U\xbd\xb1\xb2\x83\xbdy7\x94\xbd\xf4g#=\xdb\xed\x7f=\xe7\xab\x00>\xbda\xaa<m_\xca\xbc\x03\xc9\xf8\xbd\xf4\x9a\xf1=\xf7\x8b\x14<\xe4yU;\x0b\xa2\x02>\xfe\x1f\xa1=;\x16\x12>\xb4\xe0\x14\xbe\xabU\xd7=\xbcgT\xbd\x89w\x85=G\xc3\xdd=4t\xb7<r\x11\x11\xbe\x9c&\x9c\xbcV\xfe\xce=<\x98\x84\xbd\xff!\xcd=8{\xa0=\xa9\xeb\xeb<\x81\xbe\x05\xbd\x8f\xfeN\xbcy-U=\xac\xf0\xcc=\x18S=>\x93X\xb6\xbd\xdf\x0e}\xbd\xa0\xdb\\\xbd\x00\xb4\xd4=\xc5\x7f\xdd\xbd\x04\x1e\x7f\xbdE\x11\x10\xbe\xc9\xd1\x12>g\x93\xec\xbd\xda\xce\x98\xbc\x8c\xe2\x17=\xa2F\x92=\x91\t>=\xd2\xb2\x97\xbb\'\xbd\x1b>\xfb\xab\x12>\xfc\xeaY\xbc]\xf4A>!\xfdV\xbd\x98\x19\xe0\xbd\xcb]\x85\xbd$\x88\x17\xbb{\xbe\xe4\xbdd&\x1d>\x1e\x9f2\xbe\x8d+\xf0=7\xd8$=\xd14\xb1\xbd\xb5\x98\x8a=\xeb\x9f\xe2\xbb\xebik=~Pr\xbd\xfc\xd8\xc6=\xf56)\xbe:D\x0f=G\xe81=I\xd2\xb7<\x10\x11\xef=\xfc*\xe1<\xb8x#\xbd\xa2z\xbd<\xf7\xa7\x0f\xbeq4\xa1<\xb1\x88\xfa=3\x83y=\xe2,\x1a\xbd\xcbz\x05=Exk;\x97[\xdb=Z\xe0\x0c>\xb5\xe9\x9f\xbdR\xd2.\xbd\x8f|\x9f\xbd\x94\xa9\xbb\xbcJO\t>\xb0\xf09<\xaf7\xbc\xbdw\x8a\xad;\xe8""2>Y\xbf\x80\xba\x93\xe5N\xbc\xaf\x18\xcc<\xbd\x17\x15\xbd\x8f\xfda\xbd\x04\xa4\xf5=\x13L\xd2=(p\xac=C\x9b7=Q\xcb\x11=\xd5\xdeU\xbc\x81\xc7\xa4\xbd\x02\x06I\xbeb\x98\x9a<^O#=\xb8[\x11<{\xa3\x14>\x06\xe0\x82<\xaa\xb4F=s<\xd5\xbc\x94$\x16=S\x9d\xe0=E\xf3\xce<\xf6pO<p^\x0f>\x94\xaa\xbd\xbd\xac\xe3/\xbc\xfeZ\xed=,\x8b\x1b>\xd7\xa2\xfa='"
"b'r\xc7""\xbd\xf2\xf5\xa1=\xfa\x96g\xbea\xe0m=\xf3\xe5\x12\xbd\xa8\xb2\x18=\xe4\x9d4\xbd\x90\x18\x04\xbe\xfe\x86\x0c\xbd\xc8\x88\xb2=y\xe9S=~\x95W\xbdq\xc3~=<\xaeI>\x90]K=\xe7=%=\xd3\xde$>\x96\x83o\xbb\xc0U4>z\xd4=<\x14\xa9\xa4\xbd\xa7\xdb\xa9\xbd\xcbt\xa6<m\x1cD;\x08=\xdc<i\xa4-\xbd;\xf0\x00\xbd-b\x06\xbd\xc42\x13=\xcbq\n>n\xf6|=\xe6\xcd\xe1=Fu\xac=\xe4\t#\xbe\xe4(\xb3\xbc!\x114>\x15[u\xbd\x13\xfb""\xbd=\xf0\xa9\xbd\xee\xd2\x0b\xbb\xe1x\r\xbe\xfe\xff-=\xa3\xaaY\xbd\xc7#B<\xc2\xef\xa1;)\x03\x1e>o\x81\xaa=\xf8\xd1\xe2<6b\x1c\xbdS\xe4\x15\xbe>\xd6\xb8\xbc!\x89\x1a=\xf4\xa2\xe4=\x07\xbe\x13\xbe\x1cRC\xbd\x80\xc8\xf2=Y\x97\xb5\xbd\xdf\xc3\xd8=\xe9\xd7\xc9=\xefK\x99=\x1c\t\xed\xbdA\xc0\xa7=hK\xad=/\xdc7\xbe\xaa\xf3\xf0=\x9e\x06\xc3=\n\xdc\xc3<s\xe5\x0e\xbc\xea7\xde\xbd\xa7\xe9\xd0\xbcd\xb7Q=@\xc6\xda:\x1b.^\xbdi""\xe6\xbdLUx\xbb\xcf\xe6\x99=.\x85\x1d=\xdb\xd7N\xbd=\\\x99\xbd6\x98\x86\xbdQ\xdb\xd4\xbarl\x84\xbd\xfb\x0cE\xbe\xe4\x80\xba\xbdK\xae/\xbd\x17\xdcs=\xbe\xc0\x0e\xbe,oS\xbe\xbfi?\xbdV\x88\xcd\xb9{}\x83\xbd\x08\xdfL<\xcd\xd7\x06;Z\x95\xc1<\xe8\x1f%>:\xc8z=\'t\x0e=~\xb6\x95<R\xd6O=\xd3\xfbc=\xbb{\x06<\x9a\xaa\xd6<\xf2\x96\xf4<\x88j\xee\xbd\xe95_\xbe&\xd4*>\x81\x0e\x94<e\xed\xef\xbd}gj<\t\x04\xfa<\x16Z\xd4\xbb\xd8|r\xbd\xffm\xb5=\xe5\x90\x16\xbex\x11\xa6\xbc\xe4\x17\x0e;uzJ\xbc\xc2\xaf|\xbc\xe9.\xb3=0\x86r=\xc8\x8b1\xbd\xdf\x14E\xbe\x96\x94\xa5\xbb\xd3\xd5\xbd<}\xa8""\xbb\x05\x9c\n>4\xe3\x14\xbd\xd0\x8c}\xbc'"
"b'\xfe\xa4|<\x94\x94+\xbcY)\x8a\xbe\x9d\x16\xb8<\x8e\x01\xa0\xbae!\x1d=\xc7K\xe0\xbb5G7\xbe\xdf\x12\x1a>\xbf}\xe5\xbc\x95\xe9\xb2=6d\x86=]%\xa9;\xe9\xda"">\xcai2\xbd+\x81n\xbd\xc7\x12\x1f=@\xf9\xb3\xbd\xe6\xe1\x13>4\x93\xbd<Z\xed\xd9\xbd\xe6;V=\x86\x913\xbc\xc1\x12\xc1\xbd\x94Q)\xbd\x86\x8f\x8e=\xf7\x99\x05=\x108N\xbc\x15zw<\x06\xc4\x0b>\x15\x8e\xb9=x\xf7,=g]\xbf=o\xa19\xbeV\x13!<\x06\x85#>\xe2]\xa59\xc6g@=k\xdc\xd2<""\xc7\x81=\xca\x1au\xbd\x86\x83\xee=]\xf2\x13\xbe\xc8\x7f\x0c=-\xec\xb4\xbd\x9c>#\xbc-\xfa-\xbd>\x99\x02<\xf4@?>\x08\xe5\xa7\xbd?\xea\x0e\xbe!s\xf2=8\x14\xcf=\xa9\x14\xbd\xbc\x19\x8f\xa7\xbc\xd5\xef_=\x1e\x04\xbc\xbd\xa4R\x17>\xfa\xb9\xf9\xbd\xd6A\xd0=\xc8\xb6B\xbe\xd2\xa8A\xbd\xe6\xce\x88>\x93\r\x0b\xbeMp?=b\x13R<$L\xf3=)P\x00<\x11\xf8!\xbb\xc4\xad\x01\xbd\xda\xc7\xbf=[v)<\x86\x08F;\xff\xaa\x91<A\x81#\xba\xcc\xe9\x87<m\x12\xbb\xbb\xc3G \xbe\xfdm\xd9\xbd\x99K\t\xbc\xbaNd=\xa9`3<\x89\xdeN\xbd8[\xb6\xbb\x98\xa0C=\xd6\x9ad\xbd\xce<\x03\xbd\xf4V\x92\xbd\x82\x9eT\xb9\r\xd3\x91\xbdk\xc4^;+[e\xbd\x8d\xe5Z=0&\x98=\xbe\xd3\x1f>Xf\x03\xbe\x99X\xfd;\xcf6\x97\xbd\xce]\x92=\xbb\xa7\xb9=\x87G\x11\xbd\\\x16S<t\xe3\x15<\xcfW\x07\xbee<8\xbe\x08j\x16>\x97\xd1\xd8=\xc8\x9b\x17\xbe\x12HK<\xe9i\xde=\x12\xc0o=\x02\xb4\xbb\xbd+\xa9Q=\xd5a\xc4;\xa9\xc5\x13\xbd\xa7?\xbe<\xc7\xbcg=\x8f\xa6\x84<\xad\xdd\xa4=o\xe8\x9b;.}\x1d<\x8eW\x15\xbe\xad\xdb\xe2<Yg\xd1\xbc\x80\x14\xfd\xbb\xd6\xfa\xb6=\rf+<,\xf3\xbf='"
"b'\xe0p\x0f\xbe\x92\x08\x13>.\xa6p\xbe_\x1d\xbd<03\x8c=\x04r\x91;\xf4T\x9f<\xb9FZ\xbe\x0eu\x84=\xcc}\x98=\xfcT\x1d\xbc\xf6\x01\xe8\xbb6\xff\xad<C\xf3\x8c=\x03\xa8\xb2\xbd\xe5I\xd6=\xa8\xf2d\xbb\xf9\xe2\xf0<\xe0>\xac=U\x82q\xbc\xc0\xb6\x18=\x7f\xb3\x14\xbe\xe5\xb2\x0f=&C\xed\xbd5\xc5A=\x91""v;\xc5\x14\n\xbe\xfc\xf0\xec\xbd\xcf[\xf3=3~6>=x\xac=G\x96\xba=\xbe\r\xb9=>\xabZ\xbe@!\xa3=\xc0b\x86=5<\x1a\xbd\x8b\x1d\x87=\xb2\x0b\xb9<\xd8\x9dV\xbd\xcf$\x84\xbd\xfb\xcb\x8e=\x81\t\x19=\xc7\xbe\xa0=\xae\x83\xda\xbcUe\xd6=\xa5\xf8\xf0=Z$E\xbcJ\x07a\xbc@\xd2^\xbe\x012\r\xbe\xbc\xc1\x15\xbc\x02\xa7\xb0=!\xe9\xf6\xbd}:\xbf\xbc\xbc\x1a\xe6=\xb5B\xa9\xbbFz\xfc=\r\xfc\x1f\xbd\xee+\xe8<\xf0\xde\xbb\xbd\x8f\xd1$<g\x89?>_\x98\xcf\xbd\x17\xc4I>4~P=\xc1\xc9\x91\xbd\xbbF]\xba-\xde3\xbd\x0ft\x8c\xbd\x8d+\xb9=\xdaB\x90=\x85\xa5\x19\xbdJ+\xdb\xbd\xcdXh;JL\xe0=\x85\xdel\xbdn3\xa9\xbc\x92.\xb8\xbd\x1d\x80\xde\xbd\xba\x03&\xbd\xe0\xadh=\xf5\xbb\xee\xbd\x92\x11\xc2=\x00\x87\xa5\xbd\x0c\xfb1=R\xc8\xa4\xbd6\rg\xbd\x15}\xa6\xbc5\x0e\xd5\xbd=\xdby\xbdH\x94\x15\xbc\xa0\xa7\x93\xbc\xf7De\xbdWs\x11>\x92~Z\xbd\x88d\xa2\xbc\x87\x85\xf6=\x08PH<\xfd\xb1\xc0=\x9e\x96\xab\xb9U\xfa\x95\xbd\xdb\xea\x05=W\xe1\xac\xbdP\x97\x1c\xbec\x8f\x01>h0\x8f={\xe2D<\r\x94\x94=\x08\x83n={\xa5\x02\xbd\x9fD\xdd\xbd-\xae\x13<?\xaa\x86\xbd1P\xd9:\'0r=v\x7f\xd8\xbd;\xd8-=.O\xf1<p\xdb\x1f=P\xf4!\xbd[9\x84\xbd\xab\x89;\xbd\xb5\xfc\xdb\xbc.T\xde\xbd\xf2\xa3\'>\nJ\xf4\xbd\xd4\xaa\x02='"
"b'\xf3\x14\x9a\xbd\x1e\x89\xf1=\xe0\xbd(\xbe""\xde\xc5\xbd4\x0bS=\xdf\xe5\xdf<\x18<\xfb=\x92\xc5\xa4\xbb\xec\xc14>j\xef\x8d=\xd3\xf24=\xbc\x90!\xbd\xb0\xb6p\xbc\xff\x95\x89<v?\x87\xbc\xaaP\x14\xbd%\xb9)\xbd\x18]\x8a\xbc\x88\xa15\xbd%\xa3\xac\xbd\x86\x93=\xbdF\xd3y\xbd\xff\xf83\xbd\xf6\xee\r\xbe\xe9\xb7\x10=P\xc5a\xbd,\x97\x9e<\' \x83=\xf7\x97\x1d>\xbb\xad|<\xb1\xec\x08>\xbc\xdb\x86\xbdE\xc5:=W\xd8\x06\xbeOx!=\xec\xea\x0e\xbc\x07\xe7U\xbd\xf1\x90\x89=\x01L\x95\xbb5\xca\x03\xbdE\xa4\x18=\x8e\xc4\xc4<\xa4o\xee\xbcv\x01!>\xd8\xaa\\\xbd\xe1#n\xbd\x92\xf0\xfc\xbd\x9c\x94J=\x1f\x86\xed<\x9c\xd9\x1e\xbe\x10\xe9o\xbe\xd2\xb9+=\xaf\xa8}\xbc\x9f\xb0\xfa\xbd\xad\x85\xf7\xbd\xa4\x8f\xc1=\xac\xdbF\xbe\xcc\xe1E>\xef\xca$\xbe<\xd5\xb1<\x16n:\xbe\x02\x05\xa7\xbd\x1d \x82>{I/\xbd\x8d\xaa\xa4=\xa5\xe9\x18>""\x80g\xbd\x84yG:\x13\xd4\xc4\xbd\xb4s\x9a\xbdZ\x7f\xa9=dc\xa0<\xdc\x1e\xaf<4\xbcU\xbdD\xdf\x02\xbcP\xc0\xe1;\xf2\xbac<3\xde\xb4\xbd2\x05?\xbdw\x8c\xfd\xbd\x9f\xea;\xbd\x94\xe6*\xbd \x03\xa9\xbcd\xcev=\xa8\x08\x01\xbd1\xe7y\xbd\xfa\xdf\x89\xbcRi\xad<\x11\xde\xe1=%\xee\x9a\xbc8\xe4G=\x94\x8a\xf6\xbd\xeb\x06e\xbd\x19\xee\xba\xbc\xd8\xabD>\x86\xbc\xaa\xbd\n\xe8\x1e\xbd\x84\xa5\x90\xbd\xd0\x93\xa9\xbc8z\xe7=v\x137\xbd;\xbf\x9f\xbdc\x14\x1b\xbcb\xa1\xf8\xbd\x94\x86\x0b\xbe\xb8\xfe\x04>\xe0\xe4\xa9=\xd9\xff\x1b\xbd\xb9\xb1\xe2=#\xc1E\xbd\x8bH\xad=\xb3\x1d:\xbcC\xe1\xb5\xba\x9f\xa0\xea=\xbf\x1f\xa3=&\xf5\xc2\xbc\xb5b)\xbd.\x15\x06>\x8c1*>_\xbd\x07=\xe9\xffS:s\xab\x0e\xbe/X\x85\xbd\x8f\xe4G=~\xdf\x8a<\xd4\xfc\r=\xbc\xa4\x8d\xbd\xbb\xe1\xe9\xbc'"
"b'\x00w\xb4\xbd\xca\xa1\x0c>\x99\x91B\xbe\x95[t\xbdS\xf8\n\xbd$m\xa5=E\xdef=\x8d\x9b@\xbc\xb2\xe2\xf8=7\x01\x9b=\xf0m\x81=C\x8b:\xbd\xc8\x11$:m/\xad=o\xca\xc7\xbbkPP:\xa4E\x9a<\x86\xdbx;Qy\xd0<\xb7\x05\x03\xbe\xb1`o\xbd\xb4&>\xbc-i\'\xbc\xf3\x0c\xdd<\xb00x\xbc\x0b\x14\x91\xbd0Ma=W(\xfc;*@\n>\x15\xf0W=\x06\x8e\xe9=\x91\x8c\x8a\xbd\xf4\xe6\x08=\x99\xe2\x1a\xbeZ\x862\xbd\xfe\xe5\xa9=\xde?\xb2\xbd\x0b2Y\xbb\x93\xcd\xc4\xbd&\xa30>eD<\xbd \xb9\xbf=\x8b\x9c\xc8\xbd\xeb\xf1\x12>\xa7\xa0\xc4\xbc\x87<\xe7\xbc\x17(u\xbb\x8e\xc1\x88\xbc\xd4D\xa0<9\x01\x03\xbe?\xf6\x9c\xbd\xb1\x80\xf4<\xe57\xec\xbc\xb1\x8f\x01\xbe\xd5\r\xfe\xbdP\x18->M\x9f\xcd\xbd\x07\x18\x7f>1I8<\xe7\x1c\x8e=\x17hJ\xbe)\x9a\xd9\xbb\xff#Q>\x84\x8b\x07\xbe\x9a\xc2\xa5=\xba\xaeA<{\x80\x13=\x9c\xaby\xbd\x19\x03\xb2\xbd\xbdd =uR\xa5=\x8f\x83i=\xa2\x7f:<wR\xc8\xbcW\xef\xd4<d\xd0\xc6<h\xb5\x1a\xbd3+\x7f\xbb=:\xfc\xbd\x07M""\xbe^\x9d\x99\xbco\xb5\x9c\xbb`\xc7\x99\xbd\xd1\xe1\xb7\xbb\x13?\xa4\xbds0\x01=\xf1\x7f\xb8\xbc|\xe9\x17\xbe\x07\xcb\xe6\xbcY5\x8f\xbd\xdfuc\xbdM\xf6\xc1\xbd}H&\xbdUr\xc2\xbd\xa5\t\x8b>\xf8\xcd\t<\xbeE\x9c\xbc\xb0d\x0c\xbd\xf5_\xaf<\xe1\x010>K\x9f\xc1\xbdt\x1e\'\xbd\xc7\x06L<\xaf\x15R\xbd\xfd3L\xbeB\xf9\xda=\x99\xe5\xa6\xbceF\x03\xbe\x97E\xb9\xbb\xf9\xa6T\xbd\xb6\x84x=:Z\xb8;\x9cf\xc2=VN\xad\xbc\xc3\xe18;\xc0\xd7&=\\[\xad<\xa3=\x00=\xcbd\x11>\xb5\xdf2=\xb91\'<\xd0\xcd3\xbe\x0c\x97\x85\xbd\x10\xd1\xaa<\xd776\xbdCW\xbf=\x0e\xf7!\xbe\xe5h\xc4<'"
"b'\xf3]\x12\xbe|\x93\xdb=\x04\xf1\x8a\xbdsZ\xeb\xbd\xbf\xb2M\xbc\'\xaf\x1a=\xd5\xa7\xd9=\xf8\xc8W\xbd\xf3\x1f\xf6=!\x84\x19>X\x9e\x05=\xa8\x0b\x97\xbd\xc2\xa3\x8f\xbc}9\xc8<c\x9f\xb3=\\\xf9\xc1\xbd\x943\xef\xbd\x07\xbcp=\xaa\x9aD\xbb>\x8c\xcd\xbd\xc8a/\xbe\x98\xcb\x0b=\x06\x9ef=f\x8e\xb1\xbd`F\xc2\xbd}\t\xae\xbc@\xc2\xa5<W\x13\x90\xb9\xced\xf1=6\xa0d\xbdB\xea\x96=r\x15\xfd\xbd\x8b\xc3n=(\x99\x15\xbe\x0cC\t>\xf8\tS=\x1cW\xb2\xbc\xc6\x9e\xdc=\xccu\xd0\xbd8\xc0\x9d=@eZ<\xbdZ\x9e<\xc4\xfd""\xbe[Y,>\xca\x7fM\xbe\xff\xe8O=\x08\xf8\xa7\xbdj\xca\xe0=O}\x01=\x1a\xb9\xa9\xbdK{\x12\xbeS\xcd\x1f=@|7\xbd\xe5~\xd8\xbd\xe3H\xd8\xbd\x14\x16\xaf=L\x1b\\\xbd+A\t>^V\x9b\xbd\x19\x89\xb2=\xd4\xa6W\xbe\x81\x96\x1e\xbd\xde$F>\xe4!\xef\xbb,^*>5\x8e\xd7;\xe803\xba\x81\xad\xf4\xbc.\xa5\x87\xbd\x10C\x90=3\xa7\xd8=""r\xc0<\xfd\x04\xa9=\x07/\xc1<\x12\x0ce<\x01\xb3\x04\xbd$\xf3\t\xbe\x97\xfb\xcf\xbc\xa6\xf7b;\xc1\xc4@\xbeR)9<\x86\x8c\x1f\xbd\x8a3\x93\xbdV:R=\xd4\x1dK\xbd\xe3~\xc1\xbd\xfe=h;\xa3\xa2>\xbc\x12z\xba<)\x8cg<\x94\xa5\x05=\x7f\x08\x11\xbd^D_=\xcaM\x19\xbet\x1e\xf7=&B\xea\xbd\x04\xd9\xfa\xbcM\xf9\x8f\xbcb\xe4<=\xd5\xd5\xdf=\xf72\x15\xbc\xe8\xa6\xee<<\xde\xfc<\x02\xcd<\xbeb\x89\x14\xbd\xd6%\xe6<Re\xaa=\xe2?\xdc\xbdc\x9a\x12>]\xf1m=3\xcb\xcb=\xb2\x10\x14=\x9e\xf0\xca=\xaa>\xd1<\x93\x01\xfd\xbcJ\x1d\x82<^E\xf5<\x8a\xa5X=\x12 \xbb=ZC*;m`S=\x05\xccS\xbe\x94[\xb7\xbd\x8cdE=\xdc2\xcc\xbbaUE=\xbcy\xc3\xbd\x14s$='"
"b'\xd0\x8c\xc6\xbd\x98@\xb2=\x03\xda\x87\xbe\xccx\xac\xbc\x83\x1c\xae<\x89\xadF=\x01|\x89=\x95\xf2\xb5\xbd\x85\x89;>\x80v2=$\x1d\xfb<\x06\xd1\xe5<\x13)\x8f\xbc\x16\x7fb=e\xe5\x91\xbd\xf8\xa6\x80\xbd\xce\x18\xce\xbc\x19\x97\xed\xbc\xe2\xb4L=\x94\xa4n\xbdjY\xd3\xbd\x16\x13\xa6\xbd\xec\xbd\xbc<cn\x05\xbe\xb3l7\xbc\t\xa6q\xbd\x99*\x92<\xf2\xd6%\xbdO\xa9\xe2<b\xfct=\xcc\x19\x01>\xa8\xdc\x1e\xbd\xb5\xd4\xcd=\xe8\xb7D\xbe\xeb\x91k<\x05\xbf\x9b=\xe9\x1bc\xbd\'\x9a\x13=\x14N\x9a\xbd\xab\xd7\x87=\x82\xee\xf9;\x14\xec|=\x93\xee\xe5\xbd\xa1\x88\x05>\xe9\xee\xf0\xbd\xcd\xd4\xf9<\xf2\xb6S\xbd\x89\x97#\xbc7\x8d\xa1=n\x83\xf9\xbd\xfe\xf31\xbe\xe2\xf8Z=J\xb8\x10=\xb9H\xec\xbd\x98\x0f\xd4\xbdxh\xe6=\xa9\x9a\xce\xbdBM%>6\x12\xd2\xbd\x9e]\xd2=3\x0bD\xbe\x8b\xcd\x1a\xbdL\xccu>\xf0\x1d\n\xbe\xd2\x87\x1c>j\x83\\\xbc0\'\xe8;H\r\xff;2b\x8e\xbd4U\x0e\xbbj]\xfc=.m7=\xe6\xbd~;\x91\xd6t\xbd\xa3{[\xbbc\x1e\xd8=4\xdc;\xbd;\x11\x83\xbd\xe8b\x02\xbe\x94\xdc\xd7\xbd\x03\xcc\xe4\xbd\x0e\xb95\xbd\x97j\x90\xbd\xa2Y\xb0=d\x0b\xa1\xbd\x88S)<vzB\xbc\xebZ\x91\xbdu\xd9\xf2\xbb5\xa8\xd5\xbd\x90\xb8`\xbd\xd3\x8d\xc6\xbd\xac\x82\x95<ab\x8d\xbd`FN>\x87\x89\xcb\xbd\xb2\xcf\x1a\xbb\xc1[\x82\xbd\x81\xa1\xb4<\x15I\n>\x05\xedh\xbd<yG\xbd\xca\x93\x81;\xc0e\xf5\xbd\x8a\xaa\x0c\xbe\xa6\xe1\xc6=\xe4\xb6z=\xc3,>\xbd\xfa\xf6\x86\xbcJ\x89E=\xbb{\xdc<?=\x9a\xbd\xb8\xac\x9d=\x94\xa4\xb0\xbbg\x00\xb9\xbc\x97\x01\xb1<8G\x01\xbd\xe8\x8c\x87=""\xea(>o.\x8d=\xce<\x05\xbc\x98-\x1b\xbe\xf7}\xbc\xbd\x92a\xc8<\xe6\xd7\xc7<-\xf4\x99=l\xe7\xf0\xbd\xf1\xe5U='"
"b'Ozl\xbdc\xd3\x97=\xca\xa7\x7f\xbe\xfb\xd42<J\xa9j=\xc8\xc74<\xff\xd8\xf5<\xcc\x0eX\xbe|\xab\x7f=:\xc5\xc8<\xf8\x05\xf4;\xcfX\xa5\xbc\xb5\x9d =\x00\xe4\x18>\xef\xa6>\xbd\x02\xd3\x80=\xaf\xdb-=\xda!\xdc\xbcs\xf5\x9c=\x17\xcbZ;\xe3\xfe\xb9\xbc\xc7\xbb\xa3\xbd\xff3\xba\xbb\xa6\x06\xe9\xbdVBe<pX\\\xbcJ\x05\t\xbe\x8f\xa9)\xbd\xe3!\x97=\xae\xb0,>\x06\xfa\x9d=W\xe9\x98=\xfb0\t=\xe5\xaf^\xbe\xe8\xc1_=\xc1?\x03>\x9d\x85\x9a\xbdU\xe4/<\xba\xf9\x8b\xbbF\x98\xf3\xbc\x0c\xba\xcc\xbd\x86 \xed=\xe0t\xc0\xbc\x8b\xe5\\=\xd8\xcfk<U\x9a\x0b>\\\xcd\x00=:\xc9#=\x1a\xe5\x0b=\xfc\x9b1\xbeU\xf5&\xbe\xda\xebV\xbbu\xbf\xc7=\xb9\\\r\xbeE\xd2F\xbd\x0fE\x9a=\xf2U\xdb\xbdtp6>\x0b~\xdf\xbci\x1d\xac=\xf6A\xb7\xbdT.\x9c=\xb3\xe1B>?\xd5\xc1\xbd\xd7\xbc\xf6=r)\x94=\xe0\x05\x9c\xbc\r\x82\x1c=\x94\xb9M\xbdF1\xd6\xbdW\xb2\x0b>\xae<O=K<\x16<\xe2\xcf\xd3\xbd\xaf6B\xbd\x80\x92\xda=k\xc1\xaa\xbc\xea\x9c\xf2\xbd\xaa\x9f\x98\xbda(\x9a\xbd\x8d\xb8d=~93;\x85\xbf\x1f\xbe\x99do<\xe8\xa8\x8c\xbdo\xc3\xd2<\x84""\xc6\xbd\xf3|\xed\xbd,\x1f\x10\xbd\xf3\x10\x87\xbd\xc6\xb5\xa2\xbc6v\x08\xbcW\x12\xe7;X\xd9u\xbbg\xc8\x13>@U\x9a\xbcf\x85\xdd\xba\xda\x9a\t<,$\xc1<\x87\x13\xd5=\x1a$x;\x8a8\x13\xbdcW\xb1<T%\x1e\xbe)\x17i\xbe\x1b\xb8"">\x9b``=I\xa3B\xbdh\xfe\'=\x9d\x89\xc9=\xa4\x00R=P_\xf6\xbdr&\xed<\xfdiL\xbdsh\xdd\xbcU\xb3\x8b=9\x0f\xac\xbdq\xc9\xce=Q6F<\'JP<\x02L\xa7\xbd\xec]\xf3\xbd\x9c\xde\x91\xbczO\x0e;k\xf2\xa3\xbd\xab\xb1\x0f>\x88G\xe9\xbd\x1ci{\xbc'"
"b'!\x8f\x88\xbd\xc9\xef\xa7=\xf8\xc5*\xbe\x8c+\xc3=?\xcb\xba<\xd6\xe7\xb8=b\x90\x84\xbd\xdf`@\xbe\xd5\xd1\x06=F\x03\xdb\xbb\xc7\x8a8=$iH\xbd8s0:O\x9b-=dMD<\t\xc0C=\xb7\xde\x1f=\xd8\x88\xdf<\x1dT\xed=\x07oX\xbb\x9e\xc5\x8c<]f\x02\xbe\xde\xa4\x05>\x98\xcc\x1d<A\xbd\xec=\x03\xa8\xcf\xbdIG\xdd\xbc\xe2\xb2\x1b\xbe#\xde\x9d<hx\xa8=s_?>H\xe4\x02\xbcx\x88\xb5=\x0fZ\x19\xbe\xd9g\x98=\x1e\xbf\x0e>E\x96\xdc\xbd\x8aA\x95\xbc\xbd\xd6\x9b\xbd\xfb\x81e\xbd\x1c\x8d\x9a\xbd\x15\x05+<\xaf,\x9a\xbdJ\xab\xcd=\xf8|o\xbdd2\xff=\rR\xa6=#\x87\xe3<\xb6g`\xbdk\x11\xfe\xbd\xde\x00\xb9\xbd\xb0 \xe7:\x0b]*>Ls?\xbe\x7f/\x9e\xbd\x9c!\xc8=\x18b\xf1\xbc\xb7\x15\xdf=\xd4\x95O=^Z\x9b<]\xb5\r\xbe\xff\x9a\x8c=\xfcK\x11>\xdbu#\xbe\xcdXI>!\xdc\xe7<La\xc5\xbc\x9f\xe3\x8c\xbbX\xca\xfd\xbd\xaf>X=[\xc9P=\x89\xb0L=\xd3\x89\xb0\xbd\x8d\'?\xbe\xe3\x07C\xbc\x1a{]=\x7fm5\xbd\xba5\xc6\xbc\xa0\xfd\xc7\xbd\xee[t=\xcf\xef\xaf\xbd\xe1\x8a\x8a\xbd\xc64""\xbex!\x0e\xbd\xda3\xc1\xbd\xfaS5=<\x95\xe4\xbd|\xdb\x0f\xbe\xd0\r\x08\xbe\x19DC\xbd\xb0j\x92\xbc\xc8\xbe\xde<\xbb\x81B\xbc\xdf\t\xcc\xbc5\xdc\xf4=\xbbT\xaa\xb9\xc3\xed\x9e\xbc\x9b\x99\xbb=E\xffd<9\x88\xd1<\xd0%\xb9<\'\x96\xb4\xbc\x1a\'\x80\xb8:\x06\x0c\xbe4\xaf\xd9\xbdN8\xec=\xe2p\xad=\xc8o \xbd\x87\xa3\x9a=\xa2s\x1c=K\xb1\x9e\xbc#\xc5\xdc\xbc\x10\x90\xa6=G\x1f\xf3\xbd\x0c\xc8\xb9<\x84\x90\x8d=\xd4i\x05\xbex\x92\x06=\xbb\xba\xad=\xfa\xf3\x10>I\xc2\x1e\xbd#\x1f\x0f\xbe$y\xe6\xbd\x93\x14\xb2<\x89\x7f\x06\xbc\xe4\xcb\x16>\xf2\x81\xc2\xbc\x0eX\xf7<'"
"b'\x8d\xde\xe5\xbd\xa3\x0cy=\'cK\xbe\t\xcb\xdc\xbd8A\xa1<&\xa4M=\']\x99=\x93\x9eZ\xbd\xf5\x16\xfa=\xaf\xae"">\xf1\x15\x83\xbc\xd3\x1dr\xbd\xe6*N;\xbf\xd3\xd1=Sd\xa6<\x05\xdc\xc4\xbc\xea\xbb\xfb\xbc*Q\xfb<\x86\x9f}=\x85\xab\x86\xbdTS\x1c\xbe\xdfI\x12\xbc\xa7\x82\x85\xbc\x95(\xcf\xbd\xfc!\xc0\xbd5\xe3""<$N\x01\xbd\xe9\x13%=\xf1\x92\xe6=\nL\x8b<\x98\xe3m=\x87NZ\xbb5\x19\xde<\xe7\x8d:\xbe\xe9\xfb\x84=X\x81\xc6=\xa3H\x13\xbd\x0bs\xe5<\xb4\xa2\x85\xbd\xbf\x0b`<\xd2;S\xbd\xef/\x87=\xfb\xa9\xb2\xbd=.\x94=h*Z\xbd\x00\xffo\xbb\xa2 \x92\xbd3\xd9\x06>\x0b)\xa8=K]\xba\xbd]\x05(\xbe\x08\x1a\xe78\xea%\xfa<\x86B\xef\xbd\x944\x8d\xbd\xfc]\xcc=^\\\xae\xbd\x19b\x1a>\xfa\x1d0\xbd\xa2\xc70=\x93\x0e""\xbeG\x0eY=m\xa6[>\xc1\xc3p\xbdE\x86\x85=\xc1\xdf\xfe=\xc4K\xb1\xbb@\x89\x9c\xbb@[B\xbd\xc0\xf4\x1b\xbd:v\x8f=\xaa\x19\x12=\x01\xccb=\x06W\r=\xf5F\x11\xbdA\x0c#\xbb\x00\x81\xa0\xbc\xa3\xa3\xbf\xbdb\xf4N;\xae\xf1t\xbeY6\xb7=\xb3\xd9\x8f<\xab/\xde\xbd\x9c\xe1\t<@\xdc\xda:\xcd\xe9\x81\xbdg\x08\x89\xbd\xb2\xdd\x8b;\xb6\xe6\x01>]-F<\x1f&\x1b=\x1e\x9b\x11<\xfck\x08=\x16+N\xbd\x80\xacH>\xc2O\x9e\xbc\x7f\x0eW\xbc\xff\x08\x8e\xbc\x03,?<\xd2.\x07>/I1=W\x9a(\xbd!\xab\x87<:\x8dj\xbe\xfa:%\xbe\xf0c\xfe=\xbdb3=?]b\xbe\xdf\xd4\x7f=\xc5D\xeb=\xab\xfb\xe3=\xc67\x12:-^\x06>H\xce\x83\xbc\xf1!\xb0\xbc\xc3\x1au8\x1a\xfb\x82=\xad\x08\xc3=\xea\xfd\x98=\xb9\x9b`\xbd\xb6\x8e\xc9<H!`\xbez\xdcA=/\xe8\xba\xbcyW\xe3\xbd\xf0\x8f\xbd=\xaf\xf3\xf3\xbd-S\x1b\xbc'"
"b'\xdc\xc9\xd2\xbd$\x85\x8d=\xc9\t\x0b\xbe\x7f8\n\xbdGY>\xbdxgI=\xf0\x89\xf3=d\x87\x19\xbd\xf4\xaa\x1f>!S\xa6=N3\x1e=Ug.\xbd\xda0b\xbd-\xc5\x1a<\x9b\xe8\x0b\xbd{L\xcf\xbd\x18\x01\xb2\xbd\xdb3G=Z\xfaU=\n-\xcb\xbd\xeb\xc2\xbe\xbd\xbb\xff\x03\xbd\xcb\x99\x8b\xbb\x00\xc6\x90\xbd\x8a\x97\x9d\xbd\x8f\xc5\x19\xbd\xf5V\x8b\xbcY<6\xbd\x170\xc4=P\x9et\xbb\xfb\x88\xa9=\xcfh\x0c\xbeAz\x16=\x92\xedM\xbe\xeeA\xdc=\xbeL\x0c=\x05\xba\xb7\xbd\x98\xd5\x91=\xe90\xdb\xbd\xc6\xa1o=\x05\x93\xf4\xbcb~\xaf=\x19\xf9>\xbeI\xca&>q\xc4\xea\xbd\xcdA\xb3\xbcjy\xa6\xbdN\xf5\xab<\xed7\x82=\xc5\xac\xdf\xbd\xd0\xcb \xbe\xd69\x81=Q\xf6\x83<\x1f\xe9\xde\xbd\xe0\xcc\xc4\xbd6K\xd8=\xcdwC\xbd\xae\x7f%>\xd2\x85\x89\xbd)\xfbw=\x84< \xbe\x085\x85\xbc\x03Py>9\xeaG\xbd\xcfQ\x17>\xd2\x9bu\xbcX\xe93=\xd6x\xbb\xbdM\xf9m\xbd4\xa3(=\x16H\xe7=\xa5k\xc6<\x1f\xbd\x98=aR\x8e<\xd3\x85S\xbdP\x7f\x88\xbc\xb47\xc3\xbd\x83\xb8`\xbd\xa2\xd4\x1b\xbdN\xff \xbeI\x8dr\xbd\xe7\x00\xc2\xbc\xac4\xb4\xbd;:\xa6<M:\xb1\xbc\x16W\xa1\xbd\x08\xad\x81\xbc\x03\x89H\xbd}\xa1\x16=\xbe\xe0y\xbd\xa6\xa5\x0e<\xe4F\x04\xbdZ\x87!=\xf6\xd4\x08\xbeW\xa1D>T\xc2\xe3\xbd\x18\x99\xac<\xbbj8\xbd\x8d\xbf\x86<h\x8d)>\xfa,\xdc\xbb]\x94\xf6<6\x8b\xab<$`P\xbe\x84\xe5\xc2\xbd\xa7\xff\x8f=(O\x0c>c\\\x15\xber\x01\x9a=P\r\x88=\x89\xdb\xbe=\xae\xd0\xea\xbc\xbe\xe2\xdc=\xa8*\x12\xbdMc,;(\xabZ=N\x1f;=L\x10?=n]\xff=\xe3-\r\xbd\x0f\xfe\xb1\xbc+xO\xbeS*\x9a\xbd\xeb\x0fo\xbc\n\x98i\xb8\xef\xf2\xc0=H\xfe\x94\xbd\xc9\xdeM='"
"b'\xc7-\x96\xbd\xd8oE>v\xcd=\xbe\x1d\x8d\x80\xbd\xa7\xd5\x0f\xbd\x9f\x19\xd2=\xb3\x05W=\x91\xbf4\xbd\xa4\xa5\xd7=p\x00\xb2=fT\xa1=\x92p1\xbd\xcf<\x17\xbc\xbd\xa8\x85=VlL\xbba\xc1f\xbc\x11\xdf\xba;9\x84\x0c<\xca\xf3]<\xb3Q\x0c\xbe\xec\x19\x9e\xbday\xdd;\x1b\xb0\x8f\xbcZ+\x14=\xc39k:\x9es\xb0\xbd\x84Y\x8e=\x96\xff\x16=~\xd9\x13>\xcd\xf1\x89=\xfd\x89\xc7=\xf4G\x83\xbdf*a<.k\x05\xbe\x9d\xa9D\xbd\xe1\x0c\x8e=\xbcs\xab\xbd\x1c\xb0\x00\xbdu\x19w\xbd\xf6\x14I>`\xe7/\xbd\xc57l=L&\xb6\xbd\xbfn\x04>\x06\xc9\xd5\xbc0\x9cK\xbcv\x04/;\x85\xd2l;\xb8b\xca\xbb\x00\xe9\xd8\xbd\x96\xb8)\xbd\x04\xd5\xb3=\xc8\x90B\xbdeT\xfd\xbd\x9cs\x0c\xbe\x12\xbe#>\xc8\xd3\xca\xbd9\x98|>\x0e\\\t\xbcij\xaa=+\x88N\xbe\x0e\xb5\x13:\x14w`>\xedk\x0c\xbeb\x06y=p\xb7""<\xc2\xf6\x13=\xf1\xb7y\xbd\xe5\xe6\xef\xbd\x84\xf0\x8b=\xda\x8c\x9b=\xcf/}=F\x1a\x9c\xba\xae\xfe\xf6:v\x8aA=b\xf9\x93<\xde\x18\xf0\xbc\xf4\xd68\xbc\x9a\xad\x00\xbe\x8a\x01\r\xbe\x91\xa3\xfd\xbb\xf1r\x8e\xbbi\xbe`\xbd\x8bb\x00<\xcd\xfe\xb2\xbd\x13&,=\x94\xd9\x10\xbd\x1b\xe8,\xbe\xfe\xb3\xe3\xbc\x81\xb74\xbd\xe0(f\xbd\xb0\xf8\xed\xbd\xcd\xd9\r\xbd\xfa\xf2\x8f\xbd3\xb5\x80>\x84Bj\xbc\x96y\xd0\xbc\x1f\xf94\xbd\xb3V\x1c=k\x95\x13>\xc0\xcf\xb0\xbd\xf4\x0c\x89\xbc\x9c\xb9\x88;\x00r`\xbc\xb3\x92<\xbev\x9f\xe7=mB\xb4\xbc""\xec\xb8\xbd7\xd0D\xbc\xc9\xcdQ\xbd\x81\x00\xaa=A\xe9\x90<\xfa7\xba=\xe0\xbf&<\xca\x1d@\xbc\x82\x83\xf5<b\x1d\x89< ^[=\xcfU*>|\xc9\x81=c.\x00=\xfdR?\xbe\'\x9d\x86\xbdC\x94\xa3<5R\x07\xbd;W\xba=4\xdf\x11\xbe\xcd\xa6\x82<'"
"b'\xd8n\x99\xbd\xec\xa7\xe6=\xc2y)\xbe\x19\x13\xf0\xbd44\xa7\xbcl\x9a9=\xa1\xf2\xe0=}\xc2 \xbd0&m>l`\xf0=\xe2\xfbK=\t\xa5\x86\xbd\x8a\xc7R=f\n\x81=0T\xb7\xbc\xfcO\xc9\xbd.\xc6\'\xbd\xde\xf6\x00<A\x1a\x8f\xbd_\x1d\xbd\xbd\x0c\x1ak\xbd\x91\xf1z\xbd\xaf[\xce\xbc\xee5\xb8\xbd\xbe\x8eG\xbd\xb9<!\xbd\x16\x00\x8e\xbc5N\xed<0:\xee=\x9b\xde\x05=\xa2\xaf\x0b>\xeex)\xbd-0\x0e=o\x7f\xfa\xbd\xf9t\x8e=hs\x9a<\xe6I\xa5\xbc\x0fN:>y\xfb\x80\xbc\x8fSS\xbb\xa6R\x14\xbd\x7f\xf8\xf8<\xb4\xfd#\xbe\xe8,\xe5=`\x18W\xbdF\xe0\xb0\xbdo\x85+\xbe\xf8\xa3\x00>\xd6n\xae=\xbfQ\x06\xbe\x9b\x86C\xbeG\xd1\xc8=m\x1d\x02<I\xa7\xdc\xbdw[\xd7\xbd\xaf&\xad=\xf5^\x01\xbe/@->e\x8d\x07\xbe\xe5\xb5$\xbd\xc9\x9b2\xbeD\x15\x90\xbd\xbe\xff~>e}^\xbd[\x9eP=-\xa0\xc0=[\x1a\xf9<1p\x8c=y)\xa1\xbdKV\xfb\xbc\x82\xdc\xc3=\xd2aW\xbc\xf2\x96C<^ \x03\xbd\x07\xc0\x16\xbd\xd5\x12\xef\xbcPl\x1c\xbd\xe3~\xe8\xbd:1\xb7;d*\xc3\xbd\x989E\xbd\xac\x97\x0f\xbd\xc8\x13\x14\xbd\xc7\xd2\xa3<i\x03k\xbc\x83\xf2\x07\xbe\xf4\x94T<\x11\x8e4<T\x1f$>\xf5\xb8\t\xbdPB\x1a<L\xe5\x07\xbe\x10\xc0\xcb=\xc5\xfc(\xbd}\x15\x08>\x83\xca\x17\xbed\xe3\xf9\xbc\xca9\xb1\xbd[\\\x178""w\xe6=\xdf\xebX=\x11=6\xbb\xe5\xa3/\xbdH\t\xc6\xbdR\xfb\xb7\xbd\xd9~\x89=\x1d\x9ca=\x82\xde\x02\xbe\x93\xea\xfc=\xf0L\x1c<R\xa8\xb0=\x8e\xc4\x83<\xf3\x85.\xbc\xfd\xf6\xd1=\xe9\x92G=\xff\xf7\x12=\xc5\x05F\xbdH\xca\xc0=`\x01\xf8=\xa3\x04\x83;\x140\x93;\xe8\xec\x1a\xbe;\xd9\x87\xbdTE.=\x86\x8b9<\xa5\xef\x03=\xf4-\xbd\xbd)[\xdc\xba'"
"b'\xf4u\x8e\xbd[a\xbb=w\xfd-\xbe\x005\xda\xbd\x15+\x9e\xbc""\x99\xba<\xbc\xf2\xc5=\xff\xae\xdb\xbc%8S>\x10\xb3\xe1=^\xc0d=4xl\xbdF\x0f\xe9<""\xa0\x82=\x94A\xad;\x0b\xde\xa4\xbd?\x1ex\xbc5\x8d\x9a\xbbYX\xcf\xbc.\x88\x97\xbd\xbc\xd5\xd5\xbd\x01\x97\xa1\xbc\x1d{\xab<M\xfc\xd7\xbdt""\x98\xbde\xa5\x98\xbc\x94>)<\xbeg\xb4<VE\x04>\x0b\xd4\xd0\xba\xbb\xfa\x05>$\xf47\xbd\xe8U}=\xae\xfd\x15\xbe]}v=\xed*\xed<p\xe6\x8f\xbaVsO>/\xd7\xc0\xbb\xad\xa3[=\xf8\x022\xbdw;\x94=\xfd\xf3I\xbeX\x8b\xaf=\x86s\xbf\xbd\xbf\xa4|\xbd*\xc3\x1b\xbe\xa0\xe3\xb5=,\xb7\xd2=\xc1\xb2\xe5\xbda\x91O\xbe\xdf\xd9\xde=O\xb9\xb99\xbcz\xb5\xbd`\xd6\x12\xbe\xf8\x04\x82=\x8a\xf5\x90\xbdz\x98"">\x18\xd5\x11\xbeU\xab\xb3<q\xf4P\xbe\xa7U\x99\xbdq\xcaz>/\xe5\xa0\xbd\x0e2\x89=\xbe\xf9s=\xb3UM=p\xeaX=EJq\xbd\xb5\x18\xef\xbc\xb8\x99\xce=\xb9E\x05\xba4(\xa9<\x1a?\xdf<\x8c%v\xbc\xf4\x05,\xbd\x9d\x15X\xbd#J\xd2\xbd\x9e\x8dE\xbcw\xfb\xea\xbd\x84U=\xbd\xb41\xe6\xbcG\xa7?\xbd\xac\xc5\x99<o0\x10<6\xc8\xec\xbd\xa2\r\x1a\xbb\xd6\xb0\xd89\xfc\x08\xe8=\x82\xa4\x9b\xbd5>p<\xfe\xb2\xc2\xbd\xb6\xee\xb8=\xa0\xc0\x11\xbd\xb6\xd0A>\xd8\xba \xbe;\xe6M\xbc\x13T\x93\xbd\xb1\x1c\x15\xbcF\xac\xff=\xa7\xf3\x00\xbc\x02\x85\xe2\xbc@  \xbd\x99\xfa\xb2\xbd>\xad\xad\xbd\x87\xec\x87=\x8d\xe4\xc2=\xa6\x9d\x15\xbe\x05\x87\x18>\x06%\x86<\xe7\x8b\x88=\'\x9b\x83<\xfa\x872=S\x15\xce=\x84Y\xed<\xd1;\xd9<\xab\x9d\xa9\xbc=\xd4\x8d=\xc8\x95\xfd=K\xe7\xb3\xba\x7f\n\xb1\xbbk\xf9\x17\xbe\xc6\xb8\x82\xbdD79=h\x95\x1e<i\xac\xa8<C\xd5\xd2\xbdz\x9dH<'"
"b'\xd1\x94\x92\xbdK0!=O\xf7Q\xbe""\xb8\xb2\xbd\xd9k\x87:\xef\xaa\xc1=M\xb9\xac=a\xe2\xca\xbb\xbd\xd3\x0e>\xa3\xa0\x04>\xa5\xb8X=\x14\xd07\xbd\xf2wH\xbb\xa98\x8e=D[0=\xc4\xfdl\xbd\xa4A\xc4\xbc\xc5\xf5\x15\xbd=\xfbt=\xa8\\\xa9\xbd\xfav\x13\xbe\x01\xcdb\xbde+\xb5<\xffr\xb6\xbd\xedF\x8d\xbc\x05\xf6\xd2\xbc\x84\xb7s=\xec\xf4\xa9<0\xd3\x97=\xe4\x7f-\xbdZ:\xfe=4t\x92\xbd\x95\x06<=\xbc\xb6\t\xbe\xca\x9c;<\xfez\xa3=X\xe5?\xbdw)W=\xcc\xd5;\xbdv\xe4\x0b=\x93+\x1d;~\x92\xa1<\xec\xef\x0e\xbe\x16\xf2\xa7=t\xe3\xc8\xbd\x12/\x86\xbdv\xa9\x01\xbe\x15Y\xb7=6n\x9a=(\xb4\xc6\xbd\xacu@\xbe\xc7\xa4\xcb<&/\xd3<\xa9Z\xe9\xbd\x95\xd8\xde\xbd\xc2\xe9\xcb=p\x1f\xf3\xbd\x07\x18?>\xc6\xa9\xce\xbd\x82\xc9Y=\x14_^\xbe0\xa4e\xbc\xcf\xfe~>\x81\x00\x01\xbe\x11e\xcb=8P+>\x1ex\x16;b\xbe\x19=\xcd\xdd\xa5\xbd\xc4\xe5\xeb\xbc\xf2i^=o\x90m=\xad\xf8\xf497u\xc8\xba\xdcp\xb4<@\xe5\x0c\xbb\xf3\xa6\'<\r\xdb\xc5\xbd\x1b\xe2\xda\xbc\xfc\x19\x08\xbe\xd0\xf9\xf3\xbc\xec\xef\xb0\xbd\xf9\xb80\xbd\xb3\xae\t\xbc\xbaM6\xbd\xde i\xbd\xac@v\xbc\xddCw\xbb\xe6\xad\xcb=x\xa5\r\xbd\xda#\x1c=\xfc\xec{\xbd2|$=\xd3\xf2%\xbc\x90P<>A\x8c\x8a\xbd\xc4\xb9V\xbcb\x9a\xa5\xbdq\xd4p<m\xa9\xf7=9\x14\xd4\xbbKF\x90\xbd]s\xcb\xbc\xde\x016\xbeg\x89\xe9\xbdtX\x06>\x12\x08\x85=\xe7\x06+\xbe\xdf\xb5<=tf\x87<\x00\x8e\xa8=\xdf\xf3,=>Z\x15>L\xcd\xc7<FJ0=\x81\x9d\x16\xba\x03\x85\x0c;\x81Y\x06>\xeb\xe5\x17>\xf5\xae\xf2<\x06\x8f\xb2<j\xdau\xbe\xc7\xaa\xac\xbc\xf8I\xfa<\xc9xf\xbc\xef9\xb2=\xe1\x93\xc4\xbd2i\x8d<'"
"b'\xfd\x05\xbc\xbd\x8e(P>\xc6\x0bB\xbe\x15\x1c\xa0\xbcP\xf2\xa6:\xa1\xc2\x8a=\xcc\xd7\x0c=\xdf\xe5*\xbe\x1f\xf9\xbb<\xca\x7f\x9e<\x04p\x16\xbc\x81|\x0e\xbd\xbeS\x86\xbd\xc4fu<\xf8NX\xbd\x8c\x84e\xbc}\xfd\x8e\xbdfrM\xbdB}\x94=\xf2^\x9a\xbd5\xdd\xec\xbd\x00\x18\x9b\xbd\xec\xec%\xbcOb\xef\xbd\xeeM*=\xd0\xe8[\xbd\x99\xe0\x12\xbd\xf6\xf7\xcf;H\xe1\xd1=B\xfby=C`\x81=\x05\xea\n\xbc\xdb\xcb\x1a;\xf2\x116\xbe\x1e\x8b\xaa<\xa3\xdb2=\xfa\xc1\xad\xbd\xec\x88<\xbd-L\xad<\xb3G7=\xc40\x9b\xbcQ\xb0\xf4\xbb\x15\xce\xa4\xbc^V\x1a=\xc1\xde\x9b\xbb\xbdW%>\xac\xcdO=\x1a\x0f><\x17\\\xea\xbd\xf7b\xf9\xbd\xb8\xc46\xbe\xc5?\xb7=\x18\x99\xd6=\xe2\x9a\x00\xbe\x02\x81\x03\xbeWW\x9f=\xcd\x9d\x97\xbd\x8c\x925>8\xe4\xab\xbd\x93\x8f\x9a=\xd0\xac\xe1\xbd\x1c\xd2\x0e>Gjq>\x03H\xc4\xbd\x88\xca\xc0=2\xd4\x13>\xe2\xfa8\xbc\xb1K\x18\xbd\x03\xfa\xf7\xbd\x83\x9d6\xbd\xf7z}=#\xc0\xce<\xdf\xabU\xbcS\xdd\xbd<=s\x9e=.<\xa3=r\xf7\xc1\xbcm\x8e\x07\xbe\xf5\xa0\x91\xbd\xea\xc0\x8e\xbd a\xb2\xbc)\x7f\x9a\xbc\x9b\x87\xe0\xbd\x1aQ\x01=\xb7*\xb8\xbd\xdc\x85\x9c=\x84\x16\x01\xbeh\x1e\x0c\xbe\x8ePO\xbd\xb1y\xad\xbc\xda\xad =\r\xff>\xbd\x0f\xdd.<\xdb\x0c\xb0;\x83\xc6(>+G\xd0\xbc\n\xaf\x92<:iJ;\x8a\x96e=\xdf\xff\x9d=\x85\xecO\xbd\xae.m\xbd\xadh\x87\xbc\r~\xaa\xbdAf8\xbe\xb5p5>+F\xa8=\rFd=\xad\xc0\xfd\xbc\x80\x90\x05=\x11\xef\t>-E1\xbdx\xad\xb0=,\xc7\x11\xbd\x7f\x98\x18\xbd75U<\xf9Z\xe7\xbdc\xf9\t>]\x93B>\xca\xc6\x10=P9\xb2\xbc\x17\x966\xbe8)A\xbd\xe1\x97\x01\xbd!\x83\xcf\xbc\x04\x89\x05>\xa3\xb3\xe3\xbd\x88\x19O\xbd'"
"b'\xfc\xdc\xa6\xbd\xa1}\x96=\x81\xf1\x86\xbe\x17\x90\x16=\\C\x10\xbd\x10\xb2\x84=4\x1b\xa8<\xfa\x1f\x06\xbe\x10\x00\xcd=\x15v\xaf<\xda\x8f\xe3<e\xe03\xbcGF\xdb<\xbd\xf9\xfb=\xce\x11\x89\xbd\xb5y\t<$\x05z\xb6\xdd\xe1\x91\xbdX\xea\xb2=\x18\xc5\x10\xbdN\xed;\xbd\x83\xde\x0f\xbeN\x8e\xe5\xbc\xbb\xb7\x9e\xbd\xbc$\x13<\xeb%\xcc\xbc\xdc\x8au\xbda\xb1\xa6\xbdw\x16C\xbb;\xb5\xf0=\x1f\x13\xd6=\xa7\xaa\x84=\x0b\xf0+=\x8a\x027\xbe\xeaD\x81\xbcgi,>\xa1v\xbb\xbd\xf1\x13\x8e\xbbl\xd6\xb5\xbd\xbd\xab\x90<\xb4,\x87\xbdc\xee&=\x1bL\x99\xbd7\xce\x93=IL\xd3<\x0f*\xd1=\xf6w0=""\x1a\x03\xbc\xfc\x91\x8c\xbc\n\x1a+\xbe|\xec\x11\xbeVAP;K\xa5\xc6=\xed\x86\x06\xbe\xdb\x8a\xb3\xbc0\r\x0c>\x96\xa1\x13\xbeR\xe5.>k\x15#<,h`=\xea\xde\xea\xbd\xed\x95a=\xaa\xfcJ>X\xf5$\xbe]\xb7\x12>|L\x99=\xaa""\xed<\x1d\xb5\x9e<V=\\\xbd\xa5\xcc\xb2\xbc\xd9\xf8\xb5=s2!=\x93\x9e\xc3\xbc\x96h\xca\xbd\rk,\xbc\x83\x85\xd8=\x8b\x96\x02\xbc\x02""\x89\xbd\rY\xfa\xbd\xf6\xc8\x98\xbd\x08{]\xbd\'\x93/\xbd\x80Y.\xbe(;5\xbdk\x81\x01\xbe\n\xb3p=\xb9\xfbc\xbdk\xc2\x1a\xbe4v\x03\xbd\x82\xd0\x7f\xbd\xfa\x99\x12\xbdo\xa0z\xbd\xd4\x1d\x8c<\x0b\x07+\xbd\x1a\x1a"">3H""=\x84\x91\x05=.\xacT\xbd\xf6\x9a\x95=\xf61\x03>\xa5l\xfa\xbcf\x95.\xbd(XO\xbc\xad\xc6\x15\xbe\x13a`\xbe\xb9I!>>e\x02\xbc\xe6\xc0^\xbd\xf9\xdc\x9e\xbd\x93\xe5&=t\xed4<C\xf6\x88\xbd|\xcdF=\xe9\xff\x10\xbe2\xb3\x8a<\x9cX<=Z\x13d\xbd\x98\x8b\xed<\xc5\xec\x06>\xd8[$=\xb5k\x18\xbd\x9a\x81\x16\xbe\xf0\x99\xdb\xbb\xa6n\x15=@\xf0\x89\xbb\xcf\x05\t>\xef\x8f\xb4\xbd\xd4T\x9e;'"
"b'\xf2\xb4\x0c\xbd \x86}<\xd9F0\xbe@J2\xbcB\xec\xa7<74\xce<G\xbbB=G\xa1H\xbd""\x89\x1d\xbd\xeb\x88\xd5=\xb7\xc7E;\xbb\x84\x9b\xbdV$r=5\xc4\x15>\xd3\x1f\x9a=dz\xb4\xbb\xa1\x80\xcb=a\x9e\x93\xbd\xc3k!>\xa1\xbaB=\x97k\xab\xbdn\x087\xbe\x92\x10\xae=\xca\x11\xf2\xbc\x85\x92\t=\x98G;\xbci\xab$\xbd\xbd\xe6q\xbd\x0b]\x99=h\xabH\xbcv.\xf1=t\x9c\xde\xbcz\r\x18=\xee\xf7\x1f\xbe\xb8\xa6\xc9;\xf8_\xec=\xcfK\x8f\xbdh\xf9\xf8=\x8fM\x97\xbd\xef\x9f\xba\xbd\xd1\xd7\xba\xbd\x8b\x9fY={\x87\xcf\xbd\xe8\xed\x11=\x80\xc1s\xbdw\x08\xd7=0\xb5 ;\xd0\xbe\xa7=\'\xb3&\xbc\x9dk\x00\xbe\xea\xa28\xbejl?\xbcp\xca\xe2=4k \xbeL\xd0\xd6\xbc\xa6\x9aw=\x84X\xaf\xbd\x00tH>\x93u\x0e=5\x8aq\xbc\x1e\x05\xfa\xbd\x90\x91\x8b=CY!>\xd1:\x11\xbef\xa9\x0b>\xb5\xd0H>XD\x97\xbc-\xc3~=SK\xae\xbd\xbe\xcc\xa9\xbd\xa3\xe7\x02=(\xc8\x95=\x0b&Z\xbd\xe5\xb9E\xbd\n\xef\x89<\xd0H\xc6<\x8c\xf9\x1f=\x15\xde\x1c\xbd\xf0\xf7\x95=.4\r\xbd\x80\x91\xa8\xbd\xc5\xd6\x03\xbeP\xb2\x1e\xbe}\xa5\xc0\xbd\xf5\x96\xda\xbb\\\x0f\xc4\xbd/Y\xb5\xbd\xe6\xb3R\xbc\x8e\xaf\x94=\xce\x8c\x82\xbd\xa1\xc9""=P\x82\x83=\xf3G\xa4=\x97\xdc\xe0\xbb\x90\xfb\x15>\x16SG\xbd\x1f\x0c\x9f=\xef\')=\xaa\xb5\xa7<\xf3`\xa7<\xf0\xffZ\xbc\xe1\xf5\xde\xbc\xd8\xfcE\xbb\xcc\x930\xbe]\xa9[\xbe\xd1c*>\xcd\x92N=\xae\xfc\xf8\xbd`\xeb\x1c>\xb5\xbb\xa4:\xeb\xb9s=\x89\xc6F=\xbci\xcb=\xdc\x11\x88\xbd\xddg\x80=\n\xf8F=[F\x8b\xbd\xaf\xef\x1c=\x909\'=\xd1\xee\x8a=\xd3\xd9\xc8\xbd""9*\xbeI\x80\\\xbdBxp=\x1a\x13\xad\xbdY\x97\xfe=\xb3\x11\x93\xbd#\xf5\xd5\xbc'"
"b'\xe23\xe1\xbd\xd7\xbd\xc0=\x02\xd0G\xbem\x81\x86=\xf7\xb0\x99\xbbS)\xc4\xbc\xf0\xa3h=c7\xe7\xbd\xfe\x9a\xcf=!\x1fZ;\xe6\xf2\xcb:\xd2\xd4\x90;\x05\x9c\x87<\xfb-\xcf=\x8c\xc3F\xbdg\x11\x11\xbd\xda\xff\x06=\xfe\t\xd0\xbd\xc7\xfe\x8a=\x9b\xac\x13=\xd9\xb6\x8f\xbd\xe5 O\xbee!\xa7<F\x05^\xbdg}\x11=\xdc:\x8f\xbdw\x88\xb1\xbd\xc2-K\xbd\xf1\x91G=h\xd2\x8e=/\x16\x12>%\xb3#=\x80\x1e\xba=\xb1\xbd<\xbe\xa4\x9c\x13\xbd\xbd\x8d\xd7=7q\xa5\xbd\xbe\x93\xb9=\xb5\x7f\x04\xbeX\x89\x98\xbci\xe8|\xbcg\xcc<=A\r\x9e\xbd\xa6\nC=wb\r\xbd\xf5\xb7\xf5=\x1a\x97\xed<\x15x\xb6\xbc\x9a\xbd\x8b<\x08h%\xbe\xd7\xecL\xbeO\xc4\xd3<\xe0g\xf2=Sw%\xbe\xfd\x14\xec\xbc\xeb\x0f\xda=7r\x13\xbe3\xce.>\xa4\xe2\xbf\xbb\xd6C(=f\x9f\x18\xbePQ7=\xf1\xd2\x14>\xb7\xb2\x0f\xbe\x8d\xc8\x17>|\xbb\xf1=FV\xcd<Q\xaf\xd7\xbct$\xf1\xbdl\xef\xb0\xbd\xd4\xf2\xa8=\x12\xfd\xde<\xbc\x8d\x8e\xbc\xea\xeb \xbd\x87\xbbb=\\\x90\xea=\xd2\xb3\xa8;N%\x80\xbd:\x18s\xbd\xa3\xe1\x05\xbd\x07\xea\x0b\xbe\xb6\x9f\xaf\xbd\xaa\xe2\x18\xbewWF\xbc\xa7(\x13\xbd\x1a>W<\x8a\x07\x89\xbd\xe74\xb0\xbd(\xdd\n\xbd\x0f\x87\xd6\xbd\xf7 \x11\xbd\rX\x08\xbd\xf9o\x83=\x96\xc2e\xbdW\xc0"">D9V\xbdJ\xbf@=\xb2\xcd\xca\xbc3qY=\x1f\xc0\x9e=\xd4I\x8e\xbd\x98Wg\xbd\x00:\x1e<\x94\xfb\xce\xbdT\xech\xbe\xee\x13+>t.n=\xbb\x82E\xbb=\x88S=Ue\xc1;i\x9a\x16<\xe4\xc9\'\xbd\x1b\x9b\xc0<\xd7K\xab\xbd\x83\x85\xfa\xbb\x82\xba\x00=\xcd\x98\xb0\xbdi\x85\x1e=\x19\xed\x04>2|\xc9=Cn\xbc\xbd\x04\xc8\xc8\xbd\xf3\x00\x03\xbe\xe5\xfa`=\xc2\xc8\xa7\xbc\xad]\x0e>\x8e\x81\xd5\xbd\xac\xc9\xfa\xbb'"
"b's\x95\xfe\xbd\xc87\xde=m\xcf2\xbe\x9f\xe0\x8b\xbc\xb4\xc4\x88\xbc\xeb\x93\xce=e\\ <\x89A\xf1\xbd\x0b\x11\xf6\xbc\xce\xf6\x19>\xfb\x9e\xba<\x1d\xce\x9f\xbc\xd0\x03\x83=\x01\xf4\xe5=\xefg\x00=l@g=\xf2\xb5\x13=z\xf1\x1b=\xce\x83\xf1=\xc3\xb2\xcc\xbd\xa8i\xc4\xbcg\x95\xed\xbda\x10\xd8<~>\xfc\xba\xf1\x18\x16=\xca\xcc\x94<g\x8d&\xbd\xc8\xbc\xdd\xbd\xc8\xfc\xa0=\x83\xaf\xd6=\xdaq\xd2=8\xf9\xbe=(\xbe =\xf0L\x04\xbe\xa5\x90?\xbc\xec\xbd\xfe==\xc8\xc3\xbd\x86\xdb"":A\xc3K\xbc\x99\x8bZ=""\x8d\x81\xbd\xb7n\xb7\xbaS\x9aU\xbd\x94\x05m=\x02\xcd]\xbc\xff\xf4\x98=:v\xc0=z\xfb>\xbcTR\xd6\xbd\x81\x8fi\xbe\x0c\x03\x1f\xbd`\xdf\x80\xbc\x15\xbe\x84=\x91\xcf\x17\xbe\xc8_\x84\xbd\x9c\xa4>>\xee\xcc\xd3\xbc\x1d\xebV>a\x9d\x04=\xa8a\x81=}\xc7\xfd\xbd\x1a\xfbL=\xa9k\x1a>\xafJ*\xbe\xec\x8bJ>\xb5\xda\xc5=d\x1f\xf9\xbc\xffk\xfd<\xf0\xaa\xd7\xbd\x81\x12,=c\xfb\x17=Zi\xa5=\x99\xaa\xc0\xbdAJ\xc0\xbd\xf7R\xc6<\x1eV\xb4=)M\xf6\xbc\xda\x07J\xbc\x14O\xac\xbd\xf6/\x03\xbeS\xc1\xba\xbd|U\xa3\xbc\xeb\xa0\xe2\xbd\xc40\x9b\xbcP\x8b0\xbe/i\xb7<<\x852\xbc\xe0\x02\x1f\xbe2qd\xbdZ\x97\x84\xbd\r\xed\x9a\xbd\xc1\xa0o\xbc\x84\\\xe4<kZ\xd8\xbc.,\x19>1\'\x8e=\x83\x86\xa2\xbb\x03\xa3N=~t\x7f=\xa5u\xec=7\xc1\x9c\xbc/%\x11\xbd\xf5`\x07\xbdW\xb5\x05\xbd\x8f\xe1\x04\xbe\xa6\xaa\xfa=#\xda/\xbdOf\xa7\xbd\x93\r\x17\xbc6X\x1e\xbd3\xba\xf3\xbc\xa0""N\xbc\xc9\x13\x86=:\x81\x12\xbe\xa5\x04E=s`^=\xa4i\x97\xbd\x1d\xb5\x14\xbcX\xce\xd1=\xedq\xbf=\xff\xcf\xf1<$\x1cJ\xbeHXL\xbd,\xcf\xa0\xbb\xf8\xe8\x8e\xbdU<:>\x0b\xf5\x0f\xbe\xc3j[<'"
"b'K\xba\xae\xbd\xdf\xa4V= \xb2e\xbe\xba\xdd\x04=\xbb8\xd5<\x17\x86\x9d<\x06\xab6=\xd9lA\xbe\xadv\x03>\x90A\x1c<!\x18w<\xaa\x19d\xbc\xff\xff!<M\xef\xd0=\xc6\xd4\x85\xbd5\x17\x87;\x8d\xc1(\xbc{\x8a5;\xbb\xb4\x8c=)+\x97\xbc\x1du\x8b\xbcV\x90\xc8\xbd\xfb\x9c\xd8\xbb%b\xff\xbd\xb2\xaa\xda;\xf7+,\xbd\xa5\x0e\x02\xbe\x06i\x9d\xbd\xd3\xbc\x14=\x81\x05\x12>\xcd.\xd7=\xda\xfd\xc6<s\xcc\x89=\xac\xdde\xbe\xde\xde\xc9=\xb5\xba\xe5=;m\xc2\xbd\xaa<u<=\x0bZ\xbd\x92\xc5U\xbd\'q\x97\xbd\x9e<\xba=\x16\xd8\x99\xbdE\xc2\xc9=h}\xbb\xbc\x97\xfe\xce=\xab\x173\xbc5\x9f\xcd<\x80""C=\xf8\xca3\xbeT\xe7;\xbeCp\xcf9\x9b\xdd\xfb=\x0c@\x17\xbe5\xb9r\xbd\xddf\xb7=?\xa3\xdc\xbd\x02\x0f\x10>d\x1eO\xbd}k\x96=\x01\x0f\xd1\xbd\x9aVC=u\xadJ>\xe0}\x9e\xbdIq!>@\xa4\x18=\xc5\xbd\x17\xbc\xc2`\x8d;e\xa2~\xbd\x99\x0e\x94\xbd$]\x14>\xd4\nx<\xcc\x9c~<\x80%\x0e\xbe{\x9a\x90\xbdd\x00\xce=\xc7\xbdT\xbd<\x98\x02\xbe\n \xaa\xbd\xd6\n}\xbd\xe8\x98\x0f\xbci5\xce\xbc\xc5\xb0\x1b\xbe""h\xfb<\xa1\xf3\x8b\xbd\xa7J6<\x96\x81\x98\xbd\xa9\xde\xda\xbdL\xb4\x15\xbd\xab\x05}\xbd\x16\xeb\xbd\xbc\xbd\xb6\xae\xbc\x84K\x8c<\xa1\xde\x1f\xbdy\xec\xfd=\xbf\x90&\xbdA-\x1c\xbc\x10\xddv\xbc\x90\x8c\x92<\x02\x15\xfe=r1\x1a=\xb2\xca\x82\xbc\x04Y\xa2<\xb0\x84U\xbe\x86\xfe*\xbe \x1c\x06>\xb4\x93\xd4=g\x81y\xbd\\\x9e\x05=\xa1\xa6\xe0=\x9c\xb2\x12=,_\x0c\xbe\xa6\xcb\xfb<z*\xa4\xbd\x01\xea\x9c\xbcp\xf0\x9a=\x00M\x9a\xbdT\x92\xc3=\xfb_c=N\xce\x86<w\x04\x97\xbd|\x80\x18\xbe+\xc9w\xbd\xf4H\xe7\xbb\xd9\x02\xa8\xbc\xc4m\r>\x15?\x9c\xbdo\xca\x8d<'"
"b'\nQ\x87\xbdj\x14\xe3=s}^\xbe\xf9\xd6\x8e\xbd0\x15\n\xbd\x8f#H=#\x18\xfc=\xa2\x11\xa7\xbc@h\xd9=\xb0;\x15>qP\n=?8\x82\xbd+\r2\xbc\xd5\x1br=\xddN\xc8\xbc\xad\x0f~\xbd^%\x84\xbc[~Y<l\xadM=`\x00\xcd\xbdF\x95\xfb\xbd""\x87s\xbdtR)\xbc\x07\xfb\xc2\xbd\x87\xd0\x97\xbd\xe2\xf5L\xbd\xc5\x06\xd2;\xb1\xa2,<\xcc\xa8\xfd=\x90\xf5\xf2<Z\xa0I=\xfc\x85\x84\xbd\xaf\x14\xcc;O2J\xbe\x97\xd3\xe8<\x91\xb2\xe1<\xe5\n\xd2\xbd\x84K\x84=\r\xc8\xa9\xbd\xe5A\x90=\xf5\xd1\xa8\xbdx\x07\x82=\xf0\x88/\xbe\xe2`\xfb=\xf6\xdb]\xbd\xa1s\x07=@`\xbc\xbd=Jf=3\xf9\xb4<<\xf6\x00\xbe\xe0\xdb\x02\xbe\xf7\xdc\xda=\xb9\xa0f\xbb/\xc2\x0c\xbe\x82@\x0e\xbe\xf1\xdf\xd2=\x93\xf7\x9f\xbd\x0b;C>_SD\xbd\xaeY\xa1=\xe8^\x0c\xbe?\x1f\x1b<\xb1Tw>\xa4\x12\xa5\xbd\x8e(\xd4=A\xd7\x1f=\x93\x0f\x97<c\xfay\xbc\x8a\x84\x9d\xbd9\xbcP\xbbz_\xbc=\xf7k\xfd<e\x01\'=\xfaO\x81<}\x1at\xbd\xfeO\xe9;jmz\xbcZ%\x9d\xbd\x95E\x1c\xbd\xf7V)\xbe\xeaN\x0c\xbd\x04\xcc\x86\xbdu\xa5\xf8\xbd\x80\x91v\xbc\xe2\xa4""\xbdRG\x87\xbd\x88\xceg\xbdO.\xbc\xbd\xc4\x81\xaa=\xae@8\xbd<va\xbc\x11\xebH\xbd\x1d\x97\xaf<f\x7f\x84\xbd1\x16i>\xdfx\x8b\xbd\xec\xc7?=Dc\x9e\xbd\xcf\x9c\x05=S\xb5\x1b>D!\x19;\xfc\xd2a<(\x9f\xb0\xbb\xdaR\x16\xbev\x90$\xbe\xc1c\xbc=\xf0\xd7\x93=\xd41\x05\xbe\xcb\x0b\x82=e\xcb\x16=\xa5\xc7\xe9=t]\xaf:|o\xec=\xa5\xaf\xc0\xbb\x037\xf9;f\xb6\xf6<\xc8\xc6{<4:\xad=OU\x1d>\xe2\xaf\x82\xbc!\xe3N\xbd\xc9K_\xbe\xf0\xea4\xbd\xdf\xcc%<\x93]L;""\xf9\xa0=\xb2\xc9\x01\xbe\xc7\xfe\xe3\xbc'"
"b'4{\xb8\xbd\x1aF\x00=\xf9K\t\xbeH\xd8\xb6=\x92\xe7T<;\x8a\x8e=\xe4\x7f\'\xbd\xb9\xd3\x0c\xbe\xc3x\xbf\xbc\x82\xed\xdb=%n\x81=\x8e\x1f\xc3\xbb\xc5+7=OX\xf4=<\x81\xb8=\x00\x98u<@w\xe7=\xff\xd6\x01={\xe38>T\x9a\x06=\x8cH""\xbd\xa2e\x02\xbe\xcc=G=\xa6\xbe\xb7=0\xed\xae=\xd8\xc6k\xbc\xeb>)\xbd\xc41\xfe\xbd\x0f\x86\xd1<\x1f`\x9e=\xa9\x89#>}\xb4\x08=\xb0\x05\xad=X\xa5\x0b\xbe\xcdZ\xce<\xe3ZY>\xcf\xd0\xa1\xbd1#\x1d\xbd\xdaT\xd8\xbdi\x874\xbd\xfa\xdc\x15\xbd\xd1\x12\xbb<\x12x\x83\xbd\xb9\xd1\x99=M\x8c\xa7\xbd\xcc\x95\xbc=\x83n\xe0=\x953\xf4<n\x9cp\xbcf\xb50\xbe\x0c>\x10\xbdD\xc4\x1c\xbd\xff:\xc5=6\x966\xbe\xdb\xa9\xec<\x88Y\x19>IV\xdb\xbd\x8e\x93\x0f>\xba\x9b\xb0=\xde\x13Z=\x1a\x08%\xbe!F\xc1<,\xbe\xc1=\xf8Y<\xbe\xac\xc3^>\xbb\x96n=\x19\x812;\x03)\xe2\xbc&\xa6\xe9\xbd\x13\xd8R=\xa7\x7fD=\x01B\xba=\x04d\x8f\xbd\xa2v\x11\xbe\x00\xa2\x97<\xabwr=N\x92\x80\xbc\xd7y\x9f=\xdf\xff+\xbd\x06\xe9>\xbdi\xe9\xb5\xbd\xc1\x892\xbdLc\x0c\xbe5\x92b\xbd\\\xd1\x92\xbdS\xfd\x83\xbb*\r0\xbd\xd3*\xcc\xbd!F\x95\xbd(]\x17\xbdQ\xbdQ\xbdt\xb1P=\xe1\x80\x08=\xa3\x1e\xe4\xbcdx\xd0=s6\x06<\x04\xb6.<\x93\x04\x19=\x19\x1a1=\x8b\xc4\xca<\x1c\x98\x14\xbcB\'\'<z\xac\x91<\xd8^&\xbe\xcf\xc1\x14\xbe\x04\xe9"">\xf6\xb2\x0b=\xd9\xc9\x0b\xbeZ!\x8b=Q\xaa\x1b=+zZ\xbd\xdb\x95\x87\xbc\x1eZ\x9e=\xf7\x89\x1e\xbe\xf7\x97\xfe<\xba\xac\x88<N\xf7\x0c\xbd\xda\xdc\x89\xbd\xd4a\xe3<]\'\xf3=\xab\x0c\xbf\xbb\xcdi(\xbe\x97\n\xa8\xbdHhH=\xf6\xfcZ\xbd\x14\xbbA>\xa7\xb3\xbc\xbcl\x9bE='"
"b'\xf1\'\x94\xbdF\x7f\x05>\xf6e\x8d\xbe4\x1eI\xbc3\xc23=\xfe[\xc4=`\xfd\xfe<\xfb\x96\xfa\xbd\xbf\x14\xfd=3\xb92=`\x92\x1a=\xeb\x08\x9b<\xd4\xac\x87\xbc5a\x9b=Nc/\xbd\x06\x0fC=\xab\xa3\x12:\xaf\rW\xbd\xd9\xa8y=\xbb\xda\xab\xbd \\x\xbd\x19l\x88\xbd\xb9\xc4\xa6<1\xaf=\xbd\xa3\x16[=\x93\x9b\'\xbd\x1d\xe5P=Wg\xfc\xbcb\xcd\x9b=\x95>\xd2=\xfc\x1e\n>\xffm*=y\xf8==\xc9@\n\xbe\xf5}A\xbd\xb40\xfb=\xacOo\xbd\xe4\xd6\r\xbd\n\xab\x0b\xbdV\xd2\xb9=\x1fs+\xbc\xa5\xa8\x0e=\xba\xf2\x8c\xbc""h\xe1=\xba\xee\x14\xbdQ\xaf\x0f=\xbb\xf6\x15=\xfe\x1c<\xba\xee\x9f\xa6<\x1d\r\xf8\xbdO\xf3\xd1\xbd\x16\xf2\x01=h\xfa\x83<\xe9T\x0b\xbe\xd4\xa4]\xbd\x9cM\x1d>\x15\xfb\xf6\xbd\xdb\xb5m>[\xd4.\xbdi\xa3\xc0=\xe0\x17J\xbe\xc8\xcb\x93\xbcA_\x80>\xb3\x02C\xbe\x08b\t>\xb0e.=\x01\xb2\xb9\xbc8\xe2\x15;\x13\x18\xb6\xbd\x1dim=;\xecW=\xbeS\xe5=\x9c)Y\xbdqQ5\xbd \x8e\xf3<\xcc\x95\x94=\x1eo\xb8<t7I\xbc2@0\xbe\xfc|\xed\xbd\xf9\xab\xf8\xbcHB\xad;\xe6\x89\x9e\xbd\x06z\xc6<e\xff\xf7\xbdPz\xf6<\x89\'\x1e\xbd\x90,\xe2\xbd^\xad\x18\xbd\xf7\xafz\xbd\x92\xdf\xf7\xbcrG\xb9\xbd\xab7y\xbd\xe4\x1f3\xbd\xb33\x7f>\xcb\x1a\xb6<\xfa\xaeS\xbc\x93\x07i\xbc\x98!{=u\xc1\xf2=\x7f\xc0\xbf\xbd\xf9\xb1\xc7\xbd\xd0N\x0e\xbc\xbf\x89>\xbd1\x13J\xbe\x18y\x06>$\x94\x05\xbdY8K\xbd\x84\xcd+\xbd\xc1.\xa4\xbb\x13\x15\xca<\\\xbc\xa4\xbb\x92\x1b\xa3=\x97%\xd6\xbc\xfc\xcd\r=\xe26b<\x02\x8e\xa0\xbb\x8c\x1f[=\xd7\xd3%>G\xcf\xf0=y4@=\xbdW\xf3\xbd@\xd0o\xbc6\xac\'=\xa9\x02^\xbd\xf8\x0b\xd5=\xb7S\xe4\xbdX9\xca<'"
"b'\x1c\xea\x9b\xbd\x86*\x8e\xbc~S\xfa\xbd\xf7\xd1\xa7=\xa3i\x84\xbb""\x8f\x8d=`\xc7\xb5\xbc\x07x\x94\xbd\xfb\x1a.\xbdo\xdd\xb1=\x1f\x9dP=l\xdd\'\xbc\xfb\xb2\x03=\xa71\x08>\xd5\xca\xd9=\xea\xd9\x8c\xbb\xb6\x8c\x06>QI\x0e<\xda\xedX>\x07\x98\xc4;\x91\xbfF\xbd\xca%\x10\xbe\x04\xc6\x8b=\xc4\xb5\x87=X=\xa8=\xe5D=\xbc\xde\x08\xae\xbc\xea\xee\x08\xbe\x89 \xd2\xbb\x9a\xc3\xa2<\xc3\xb1$>:\x8b\x87;\x1e\xbc\xb8=_\xdc\x03\xbe\xce5$<\xc0^?>ok\x92\xbd\xb5\x9f\x1a\xbc\x83\x91\xda\xbdr6\x1e\xbd\xc6\x01\xae\xbcq\xdc2=\xfc\x05\xa0\xbd\xe7y[=\xa4,\xbe\xbdif\x90=.\xf2\xa8=%&\x9d\xbc\x01\xb8\xae\xbc\xb1#.\xbe\x92\x93u\xbd\x14\xa4\x93\xbd^\x95\xdd=\xa6\x91\x18\xbe\xec+2<\xfd\xf5\x13>\xbd]\x9e\xbdL\xf7\x1a>3\xa3\x9e=~/X=\xa0\x85\x1a\xbe\xd9\xa5\xf7<\xb5\xb3\x9c=PqY\xbe1\x94o>8\xc9\xc0=\x9a-\x1f<,\x96\x9b\xbck\x91\xd0\xbd\xc6\x94\x19=\x13\xa5&=\x8b\xac\xb3=6\r\x9e\xbd&l\x03\xbe\x07\xc7\xb7<#\xefr=\xfd\xdd\xe2\xbb\x87@P=\x94\xec\r\xbd\xbe\x06l\xbd\x82t\x18\xbe\'\xf0\x95\xbdpc\xf7\xbdr\xf5\x9b\xbd\xab\x92\x94\xbd\xf6@5\xbc\xec\t\xc8\xbc\xf3\x97\xcb\xbd\xc2\x15\x98\xbd_\x84\x91\xbds\xe5 \xbd\x9e\x03>=]eG=nf3\xbdu=\x04>\x84\xb8\x91<\xd6\xcf#=\xa4\x86\x1d=\xe4\x88\xb6<C\xb3c=\x91`8\xbd\xcf\xf8\x03\xbc[\x06R<-\x1d\x1d\xbe\xbb\x1f\x08\xbe\xea|\x18>\t\x8f7=G8\x19\xbe\x9eS\x14=k\x96\x99\xbb}\xda\x85\xbd\xf1\xd8\x9d\xbc\xbe\xad\xdc=j=0\xbeY[m=\xcc\xd6{<\x0b\xa6\xe3\xbc\x9f\xb1\x9b\xbd\xaf6S=\xf9}\xe2=\x83\xcc\x8a\xbc\xccB0\xbe2\x97\xac\xbd\x89M;=\x91\xa2\xb6\xbc7u.>\xe2\x15\xd8\xbc\xb9K]='"
"b'\xe2\xedW\xbd\xb3\x88\x07>D\xf26\xbe\xe8\x13\x88\xbd\xbbO\xa79\xb5\xf7g=F\xa5*>\x19Q\n=~\xdd\xcc=*\x97O>\x13\xb8\x00=\x9fh\xbe\xbd>R\xbb\xbc\xf7\xe2\x14\xbd\xb9B\n<\x02/\x84\xbd|l\x0e\xbb`\xc1\x83=6\xbf\xf0;\xd4(\xe7\xbdY:\xd5\xbd\xbb\xb7\xc0\xbd\xf7f\x8d\xbd\xe3^\xe9\xbdI_\x00\xbd\xec\xdc\x86\xbd\xfe\xa0\x96\xbd\xee\xc9\x1f<R\xc0)>D\xc3\x9c\xbcS\x84\xa0=\xa6<\xc3\xbbJ\x9cl\xbd2\xaa#\xbe\xc9J]=\xaf\xb7\xe7\xbcK\xe3\xc3\xbdZ\xd5\xb9<1X\xd0:\x9a\xc3j\xbb5\xd7\x8d\xbc\x94\xb5\xb7<\x02s\x1b\xbe\x03n\xc2=\xbe,\x87\xbcD?\xac\xbc\x81\x02\xfe\xbdX\x17\xc0=\xf1\xe5\x93\xbc\x0b\x043\xbe69\x1e\xbe\x8dE\xe5=p\x00c\xbc3i,\xbe\x90_I\xbe\xe2 \xa5=\x8ay\xd4\xbd }\r>\x0e\xf9\xa8\xbd@\xfa[=\xdd\x15\xc3\xbd\x8a\xc5Y<\xeboP>x\x13\x85\xbd\x8f[f=v,\xd6=a\t\xd8;\xe6\xa8\x92\xbc\x9e\xc6\x94\xbd\x825y\xbd\x1b\x89n=J\x85\x1b=\x97\xc9\x0b=\xd5\xf6\x08=\xdbG\xd1\xbd\xe6)9\xbd\x97\x8d\xd6\xbb8:\x8c\xbd\xe5O\x90\xbbg\x04/\xbe<O\x88\xbd\xf2\t\xc8\xbc\xa7\xe4\xdb\xbd!`z\xbcj\xf7\xd6;\xa2\no\xbd\xe9Z8\xbdFFb\xbdE""\x0b>I\xe7H\xbd\xa0\x13\x1a=\xba\xc5\xab\xbc\xbdz\xc4\xbaJ/I\xbd\x01\xd0K>\xa7\x9c\xa0\xbd\x92Y\x1b=\xd1\xcb\xe7\xbd\x930%\xbd*\xb4\r>\xd3e\xfc<n\xbf\xef\xbc\x8c\xc2\xb9\xbc\xbcy\x02\xbe\xd0+\xd9\xbd,l\xcd=\x8e\xff\xec=\xcd\x04\xc8\xbd\nr\xd1=\x99\xad\x80=t\xce\xd6=\xb31J;\xe8]\x87=nZK<[\xc8X=\xff#!\xbd\xfd\x0f\xed\xbc\x1c\x1b\x9a=\x80\xf55>\x169k\xbd\xda\xcd\x1c\xbd\xd47>\xbe""\xdd\x1d\xbd\xf8\x14$=\x9d \x91<\x94\x08\xee<\xcb\xb8\x04\xbezk\x9e\xbd'"
"b'\x9f\xc0\xbc\xbd\xdcEK>E\xbca\xbev\xabJ\xbd\x90\xec\x97<ubx=\xdc\x19\x8b< \xdc9\xbe\xe9\x1c""=\xecr\'=\n\x11\x18:a\xd9&\xbd\xa29\xa5\xbc*\\J=aUx\xbd)W\xde<}/\x1b\xbd\xb5\x8c\x01\xbdl\xbd6=\xfb\x07P\xbd\x18J\xc0\xbd\xa8;\x98\xbd\x95\x19\xa6<j\x04\xd9\xbd\x95\n\xf4;\x9dnL\xbd\x07\xf2\x11\xbdw\'D\xba\x03\x92\xe7=\xb3\xbb\xa8=\xc7\xd3\x93=\xcc\x135\xbbc\x90\x87<\xc1\xa44\xbe?b\xf6<\xda\xbd\x9e=\xaf$\x99\xbd\x05Z7\xba\x84yC<e\nJ=\x93\xc4\x9b\xbd\xd1c\xbd<\xc8\xb5\x04\xbd\x97\x9eF=\xa5\x9e\xcf;\x01\x91%>\xadhE=t\xb9[=\xc5\xb7\xc9\xbd\xd0\xbb\xd7\xbdQ\xf69\xbe\x90I\x8a=,\x8b\x93=!\xff\n\xbe\xd3\xc2\x05\xbe$\xa8\xa6=tk\x9e\xbdI\xbaC>\xe9\xa1\xa7\xbd>\xad\xa2=\xfb\x9b\xf1\xbd\x10\xfc\x00>\x15*\x81>\x98\xbb\xe5\xbd\xb5\xb0\xdb=\x98r\xc7=<m\x07\xbd\x95\xec4<\xe3c\xfb\xbd\x866\x13\xbd7\xfd\xa4=]Y\xdc<""\xd4\xc6\xbc\x16\x8f\x1d\xbc\xc167=+G\xa4=\xc0""\xa8\xbc\xd6\x07\xd6\xbd\x93\xf6\x83\xbd\xdb\xcc\xbf\xbdQ\t\xa3\xbaK\xcc\x95\xbc\xa8S\x10\xbek`\xef<\\\xba\xf2\xbdO\xc2{=\x1c\x08\x08\xbe\xf6\x8b\x07\xbe\xd8\r\xfe\xbc\xe7o\xa9\xbc\x91\x11\xce<\xbb\x06Z\xbd\x9eW|</K1<\xccnE>%\x80n\xbc\x0c5\xa7\xbb\xad\x12\x95<e?\x1f=tm\xb2=\xcd\x95\r\xbd\x8al\x83\xbdhQ2\xbd\xa4\x06\xaf\xbd\r\x822\xbeJ\xe9+>\x85\xb2R=_?[<\x1e\xa5\x1b;b1 =\x13\xf4\xd2=\xc6\xae\x11\xbd\xd2e\xc0=b\xdat\xbbVj\x0b\xbd`\x1b,={y\xea\xbd\x01\xfc\t>\x18\x9e\x15>\xbd""[=Y\xb1\x1b\xbdX\xa1+\xbe\x80\xb5\x1f\xbd\xb8\xc3\x98\xbbvHf\xbd\x85\x1d\x01>\xe5\xe6\x0e\xbe/\x84~\xbd'"
"b'\\\xf3@\xbd\xb6\'\xd8=In$\xbeD{\xee\xbd\xa5:\xa2\xbdm\xb7\xc1=\x0b3\t=\x1b\xb5+;\xe5\x87S>\xfe\x1e\xcd=/J\x84=\x13S\xcb\xbd\xf2\xb5\xc5<\xb2\xd7\xa8=Tf\x83<\xc85\xca\xbd\xa6\xac[<1\xa2\x1a=V\x88\x9c\xbc\xb1\x8e\xf5\xbd=\xf7\xbd\xbd\x94]\xb2;HY\xb8<\xfc\x11\x13\xbd\x0fN\x8d\xbdxP\x9c\xbd\r\xf3\x89=\xf6\x9b""=\x945\xaf=\xa6\x84\xf2\xbb\xf2i\x0b>\xf6>\xa1\xbd\xbcv\x89=\xeb\xf8\xd4\xbd:&E=\xfd\x15^=\\\xf9\xab\xbcI\x18\x03>)!n\xbd\x0f\x8c\x80=\x89*\xc4\xbd\x9eZ-=\x91dU\xbe\xe0&\xa7=2\xc4\x0f\xbd8\x13\xb4\xbd3\xdf\x1d\xbe\xff\xe7\xdb=\x93_<=)\r\x83\xbd\x1f\x1e\r\xbe\x9a#\xe6=RC6=\xee\x01\xc9\xbd\x12\x870\xbe\\\x0f\xd7=x=\x95\xbd2z\r>\xafK\x96\xbd\x9b\xd9\x17\xbd\xbe4D\xbeVjV\xbc\xa9\x04b>\xe4\xb4\xd8\xbd\n\xa9\x8e<J\x14\x95=\x08l\x8a=8w;=\xcd\x7f\xdc\xbd9Z:=\xc5Q\x89=\'\x9d\x84\xbd\xec\x0f=\xbce\xe2\x18\xbd\x10\xf6\x17\xbd\x8d\xfem\xbd\xad\xcb\x11\xbd\x04\xe6\t\xbe\xb60\xac\xbc\xad\xff\xe7\xbd\xa3\xaa;\xbdNF\x06\xbd?\xca\x9b\xbd\xe3\x95G\xbd\x84\x9f\xc19\x87\x80\xb1\xbd\xaa\xbcO\xbd:|\x95\xbdy\x0b\xee=\xad\x1ce<I\xc37<\xaa}\xf8\xbd]\xa9\xa6=\xce\x0f\x82\xbcIuN>\xba\x88\x91\xbd\x0e@\x11\xbd\xd07\x82\xbd\xaf9\x83\xbcN\xb3\x01>GJZ=\xb3,\xf4;2\x84p\xbd\xd1b\xd9\xbd\xf3/\xb5\xbdr\xa7\x8c=4\xb2M=\xe3\xf0g\xbe$\xf7\x8b=Fn%\xbc\x97\xcb\xb3=i\x18""=\x06\xda\xb3=*\xceu=\x1fR\x08=\x11\xa9\xb8<\x8c-\x14\xbcT`T=3\x1d2>P\x01\x96;\xe7\xe0\x00=\xb1r^\xbe\x80\x98\x16\xbd?%\x88<+\x97^=\x7fT\x82<\xc8i^\xbd\x00\xb6\xe1\xbb'"
"b'\xe6\xf9\x18\xbe\xf9\xe7\xdb=\xbb\\T\xbe\x90\x97\xef<f\xe2O=\x95\xfa\xac<0*\r=P\x04<\xbe\x10\xccj=\n \x0e>\xe3\x16\x0c=Ie\x05<\xc9S\x7f<\xccEO=\xd4s\x0c\xbdN\x19\xb6=D\xf11<\x066y=^\xfc\xe0=\x81\xf0|\xbc\xa0\xd56\xbcwA\xe8\xbd\xb7\x9b\r\xbb9\x0f@\xbd\xeb,\xc8<\xc0\xde\x07=\x99\x88\xd4\xbd\xa8\xed\x00\xbe\xa7\xe3\xfd=\xec8\x11>\x07&\xba=\xc8\xb0v=\x8e\x08\x9d=\xaf\xfdX\xbe\xc6\xd4\xa9=6>\xdc=\xb8\x04d\xbd\xcf\x92\x97<+w$\xbc\xce#\x9b\xbc\x8f\x071\xbd\xed\xbbw=\xb5\xaa{\xbc\x1b\xce\xd8=\xe9wD\xbd\x85)\xa0=\x97\xcf\xd7=\x95\xac\xbf; \x8ft\xbb\xf6\xf3m\xbe\x96\xef\xd9\xbd""\x80\x01\xbd\xd6\x029=\x1f+\x1d\xbe\t\x85\x9b\xbc\xea\xe3\x14>H\xf3i\xbd~\xb5\x15>2\xfe\xf5\xbc""\\\xb4=\xa7\xe7\x05\xbeFL\x99\xbc7SE>\x1e\x0b\xe4\xbd\x1e\xb4i>xC\xce<\xeb\xbf\\\xbd\x0f\xab!\xbd2\x8e[\xbd\xf5\xaa3\xbd]r\xb8=GA\xb7=\x88\xf7\xbb\xbc;\x10\xc8\xbdS\xc3\x90\xbb\x1e\xa5\xa1=`\xe3y\xbd\xee\xa1E=\xbeP\xa9\xbdUC\x19\xbe\xe6\x0e\xf0\xbca\x1fC=\xa8o\x00\xbe\xe2,\x81=\x0f\x16\xbe\xbdC\x9e\xd9<\x16$9\xbd\xa8\xe0\x86\xbd\xef\xa6\xfc\xbc`1\xba\xbd.\xd6\x85\xbdH\xb5\x99<\x03\xb1\xae\xbc\x0e\x8fj\xbd\x19u\x17>\xaf\x06\xf3\xbc\t\xb7q\xbci\x84K=\x16\x97\xdd<-\xfb\xdb=_i\x12\xbc \xa5u\xbd\xe0\x9c\xa8<\xc4\xa9\x13\xbe\xd9\xd6\x05\xbeU&\x0b>\xafa\xa8=\x1e\\\x8d\xbdWv\x8c=\xe9r\x9e=\x1f\xeb\x0c\xbd#,\xa9\xbd\xa8\xcfs=\xb8 \xc5\xbdk\x99\x16<\x8e.$=I\xd7\x91\xbd\x82\xb1\x82<\xbbFJ<\x8a\x18\xed<X\xb1\xc5\xbc+\xb1\xf6\xbd\xcbCM\xbd%\x90\x95\xbb\xba\xe1\xd3\xbd\xa24H>\x12\n\x00\xber\x0c\n='"
"b'Y\x13\xac\xbd\x97\xf2\xe2=s\xfa\x8f\xbe\xdb\xc1v\xbdX\xf4\xd7<Lp\xbc=\x89N\xc1=?G.\xbd\xc4$\x01>\xae\xad\x04>\xbe\xb3\xd9<\x8b\x12\xd2\xbc\x87\xfd\xfe;KX\xdc<\xedv\x83\xbb\xb0\xf1]=\x14k5\xbd\xf3Rk\xbdb\xf0)=\x0c\x05\xe3\xbdq\xfc\xc2\xbd\xbb\x90d\xbdK\x96q<E\xc7\xc3\xbdDm\x9d\xb9\x9b\xbf\x92;\xe4\t\xf6<i]G\xbdF\xa0\x17>""*F=\x80\x02\x06>\x83\xa0\x9a=\xb6t{\xba\xb5\x02\x1e\xbe%3)\xbd\x8c\xdb\x9e=\xd6\x83\x88\xbd\x8fU\xd6<eT\x8a\xbc\xf6Z\xd6=}\xadT:\xe7\x13\xc8;""%\xb4\xbd5I\x0b>\xc6\xe6Y\xbdg8F\xbc?\xe9\xa4\xbcL\xf89=\'\x964=\xee\xa3\x1c\xbeJ\x1e\xfc\xbd\xa1\xbd:=\xc8/\x90\xbc@\xc6\x17\xbe\xa4\xf6\xd6\xbd1,\x04>\xc5\xd2\xac\xbd\xb9\ne>N\x81\n\xbdL-\xb4=v\x9dX\xbez<X\xbd9f\x86>p\xf2\x0e\xbe\xf5E\xe2=\xdd\xebx=\xf1\xd2\x07\xbb\xcd\xee(;\x0eO\xf3\xbc\xcb\xf1\xd0;\x0c\xe8\x86<\x89\xd6\x08>\x8c\xc5\xb4\xbc\x17M\xfe<\x97;\x03<:&\x02\xbc\xda\xc9\x939\x93\xb5\'\xbcm\xb8\x0f\xbe\xe53\x02\xbe\xe4\x16\x98<\x04?\xbf\xbc\xa3\x10\x97\xbd\xa5\xce/<p\x98\xa7\xbd\xed\xf1\xa5\xbc\x16\x8b\xc4\xbaO\x08\x89\xbd\xcak\xd9<\xb4\xdd\xc9\xbd\\\xca\xef\xbb\xa2\xbc\x1d\xbd_j\x98\xbdZ\xf9\x8d\xbdi)v>\xf7\xbd\xe9;\xd4aN<\xa6\x8e\xee\xbc#\xe0I=!I\x0f>\xc7<\x95\xbd\xfb\x94\xe8\xbd\xea\xca*\xbbtzR\xbd\x83\x148\xbe\x91K\xc0=-\x8c\x91\xbc\x97\xa3{\xbd!P-=\x14\xaeR<\xd3\xb7,=\xe3\x9e?=>\x15\x93=\x835\x11\xbd\xdf\x05_=~k\x12<\x9c\xf0\xa5<\xd6K\x83=\x83\x91$>\x8eS\x82=\xf6\x997=\x91u\x13\xbe\x12\xbf\x8a<\xc4mN=\xb0\x1f\xb6\xbd\xb1\xf0\x87=t\x13\'\xbe\x83\x08\xf7<'"
"b'\xfdH\xde\xbd\xbb>\xd1=\xe5\xe2.\xbe\xec\x85\x05=\x01\xb1\xc2\xbc1\x9a\xd8=As\n\xbc\x15\xc1\x0c\xbe\x93\xa5\xfa;G9\xea=\xa2\xb6v=\xf7\x17\xbb\xbc\x15\x94\x7f=\xac\xc1\xcf=\xa5x\x16=\xd7\xae==\xf1\x1a.=\xe4\x02\xba<\xc7r\xc8=\xa4\x86x\xbd\xe3\x87\xf0\xbc^\xef\xf2\xbd\xc1jU=\x0e_h=\x12\x0fa=\xe7\xfe\xb9\xbc\xb9\x94\x90\xbc\x91\xe5\xe4\xbdt\x14\x92=\xd1K\xcf=\x0bZ\x13>g\xa1\x93=_\xeeX=\x14y\x06\xbe\xf3\x13\x86\xbc\xc7y\x1b>\x95\xa1\xe5\xbd\xb2(,\xbb\xa1(\x94\xbd\x1e\x94O=\xf3\xd3Y\xbd\xbbm\x1b\xbc\x94l\xb7\xbd+\xeb\xb5=\xf0T6\xbd\x183\x86=\xe4\xa4\xad=\tiF<Y:~\xbd\x86+K\xbe\xda\xf6\xb2\xbcG+\xab;.B\xa1=\xdc\x1b7\xbe\xf7\x11W\xbd\xd2\xad3>\xc0\xd5|\xbd$\xb1M>s\xd8\x92=\\\xbeh=\t\xdd4\xbe\xb4\xb4\xf2<\xe4\xbf\x19>\x8e\xea/\xbe5\xa8D>\x91Y\x98=\xf4\xd33\xbb\x80\x0eV\xba\xaf~\x06\xbe\x01\xdfx=\xc2\x1e\x0c=\x0b\xdf\x9a=>g\xa5\xbd\xcch\xe8\xbd\x99\xc4\x14=m{\x83=N\x04\xea\xbc\x12\x03\xc1;\x9d\xa7\xcb\xbd\xd9\xd4e\xbd\n\n\x8d\xbd\xd0;p\xbdNf\xf6\xbd\xb6\xa4G\xbduQ\x13\xbe<\xdb\xb6<\x84\xd7\xc4\xbcK\x96&\xbeE\x1b\xb3\xbdH\xa9]\xbdI\x98\x9a\xbd\xc2\x13}\xbcHLr<\xab\x9b\x0f\xbdxG\t>\xde\x91/=\x99\xdeH\xbc\xf9\xdc\x06=\xa8\x1a\x9b=4\x16\xaa=\xb7\xdeQ\xbco\xc0u\xbc\x9b\xf2e\xbc\xe0\x86W\xbd\xb8O\n\xbe\x02\xe5\xfc=\x7f\x9d\x9a\xbch\xd4\xa3\xbdjU\x04=_S\x07\xbd\xed\xe1\xea\xbc\xe6\x87\xab<\x81\xe3\x8f=s\xe5\t\xbe)\x1d\n=/\xde`=\xdf\xdb\x9b\xbd\x99D\xa49\xdf\x1a\xce=\xb7\xce\x05>\x0c}X<\xd9\x98L\xbe\xf5q\xa9\xbd""\x17\x98<>JK\xbd\x88b@>\x90.\xe3\xbdq\x05\x07='"
"b'Z\xa6\x96\xbd\'\xb4\x1e>\x1d`\\\xbe\x8a9\x05\xbc\x93\x13/;\x00\xd2\xd2=^vj\xbc\xe8\xe6E\xbe\x90\x93\xa5\xbc\xc9\xc8\xff=\xf4\xbdk=G\xcf=\xbd\xac\x83\x06=\x18\x11\xd9=\xe0\xc0\x83<\x12=\xa0=[d\x14=\xc4;\x0c=\xd6\xb9\xd7=\x97\xf4\'\xbd\xdf\x91\x93\xbd\x8b\x0f-\xbd\xa3\xa2\x9e;\xdf\xf2\xe5<\x9be&<\xba\xd6\xe8\xbb1\xcf\xd6\xbc\xf0;\x13\xbd`_\xf3=i\x88\x04>U\x7f\x8c=-qR=$6\x17\xbc\x83K\x1d\xbe\xf6.\x06=\xd6\xa3(>M\x8f\x9f\xbd\xad\xa8\x81\xbdY\xb6z\xbc\x90\x8ci=\xcf\xe2\xee\xbd\x89\r\xef<N\xd5\xe4\xbci\x1c\x9a=A\x18\x8d;75\xda=T\xa6\xd7=\r\x02\xc6=&\xce\x82\xbd\x0f\xf4\xf7\xbdNe\x10\xbdJ\x97\x99<I5\x04=\xa4(#\xbefMT\xbd@\xb1\x05>\x1f\x87\xb8\xbd\xd8\xf6R>\xbf\x9f\x17=\xb4\xc9\xa3=|\x8e\x12\xbe,\x13\xb8=)\xbb_>\xcbt\x1a\xbe\x02Y\x06>\x11L\x8f=\xb1\xb7\x93\xbc\x8cA\xef\xbcX\xcf\xf0\xbd\x8a\t\x04=\xfd\xbb6=Cy\xa6=<E\xcc\xbcD\xe1#\xbd\xea\xc2\xfc;g\x15\x80<\xfb\xce\x88\xb9L\x1fz\xbb\xa4\xdc\x89\xbd\xfe_\xfd\xbd\xb9\x8b\xb4=\xe8/{;\'R\'\xbe\xb3xB\xbd\x9a:\xf4\xbd\xf6x\x12=D6\xf0\xbd=\x88%\xbe\x14M\x00\xbdf\xf4a<\xbeW\x1b\xbc.\xea(\xbbv\xcdg\xbcku\xae\xbbeU:>\x1d\xabR=k f\xbc\x95\xe7$=\xc7M{=o\x1b\xaa=\x8c\xf1\x029\x87o\xe7\xbb\x01b\x1f\xbc\x0b\xa5\xe2\xbd\x9f\x997\xbek\xa3,>\x9fG"";\x96p\xd9\xbdn\xdb\xc3<zAn=\xbc+[=%\xc3\xcf;X\xc5\xf6=Z\xb4\x90\xbdS\xebk\xbc~""\x11=\xc6kb\xbcR\x1dz=\xff\xb3\x7f=\xd8hN=`\x0f\xc1\xba\xad\x0eU\xbe\x18.\xa1<\x03X\x87;\xe5\x8f\xe3\xbd\xe9\xe4,>\xbf\xe8\xde\xbd\xb3\x80\xcd\xbc'"
"b'\xbe\x8a\xfb\xbd\xa6\x9a\x15>tde\xbe\x0c2\x9b:L%\x14<\xd6\x05\xa2=\xcc\xff\x11=\xaa\x12\x01\xbe\xd0\x06\x1f=A\x98\x15>\x0c\x13%=\x86\xf2\x89\xbc(m|:\xccL|=\x8f\xf7n;\x8f\xaa\x13=}\xb7\xc8<1\x8b\x1a=e@\xf3=\x93\x17\xa2\xbd\x1c_\x97\xbdW\'\x9d\xbd\xfd\xd8\x82\xbc~\xdbW\xbc;\x01\x00=\xa9\t\xd1\xbc\x16\xae\x06\xbd\xd8R\x81\xbdn\x18\xf2=\xfd\xc8\xe7=r\xbd\xbd=D""\xbb<E\xa0*=c>D\xbeKWj<\xadc\xd3=\xef_\xb4\xbdBd\x84\xbdv/\x07\xbd\x17\xe4\x94=\x96a$\xbd\xb3\xf0\x10=\x82D5\xbd\x1a\xd4\xc8=\x1a\x8b\x07\xbdJ\xcd\x84=\x93\xbf\x97=o\xa5\xfc;\xdf\xe7\xe3\xbc\xad\xf2I\xbe\xc0\xccx\xbdm\x8bp<<T(=\x9b\xee+\xbeS\xc2\xb2\xbd\x00\x14->\x81\xfc\x9e\xbd\x97\xc9E>X1G;f\x8b\xdc=%E!\xbe\x8e\xbd\x0e=\xf6}E>\xc4\xab\x15\xbe\xdf\xf1)>\xbf\x1f[=\x90T|\xbc\xfc^h\xbdQ^\xcf\xbd\t\x11%\xbc\xb6\x8e\x8e=\x17\x91\xb2=f$\xec\xbc2\xca\x80\xbd<\xb8\x9f<\\\xd1\x9b=5\x97\x05\xbd\xb7\xd8I;\xd2V\xd4\xbd\x8b\x87\x18\xbeo\xd6\xf2\xbc\x9c\xdbe;\xf5\xcb\xe5\xbdm\r\xff<\x10(\xcc\xbd\xcb%[=\x94#j\xbd\xc6\xc5\x15\xbe\xc5\xb7!\xbd!\x9d\x88\xbd\xcd\xa8\x94\xbd\x87!\x8b\xbc+\x95\xb0\xbcq\x942\xbd\xf4\xacF>]\xa5\xb5;\x97h\xa6\xbb\xb3\xbd\xba:\xfb\xdf\x1b=$\xce\xfe=J\x00\t\xbd\xcb7%\xbd#[\x80<\x08\xc6\xd9\xbd!\x991\xbe.\x86\x18>\x18O\x14=\xb2@\xb7\xbd\xf6G\xe8\xbb\x96@+=\xc7\x02\xfd< \xf3L\xbd\x06\xdc\xd8=ZA\xcb\xbd\xdef\x84\xbc\xccP\xb2<\x0f\x81)\xbdv\xaeA=W]\xcd=\x9c\xb3;=}\x9e\xc5:V*K\xbe+@W\xbd\xe6\x16F\xbcT7\x90\xbd\r(3>\xe1\xaf\x17\xbe\xea\xce\x84<'"
"b'\x9d \xcd\xbd\x9dY\xc6=M#\x82\xbe\x9ei\xa0\xbd\x96x""=\x92\x08\x10>X\xa4\x07\xba\xbe\n$\xbe\xae\xef\xc3=^\xb9\xfb=\xcd\x0e\x92<P\x1fy\xbb\x16BJ\xbca\xb5\xdc=)UW;\xb0\x93\xc1\xbb&\xec\x94\xbdL{@=7I\xb2=\x9e\xcb\xc2\xbd\xc4*\x04\xbe\xf66\x13\xbc\xca\xc9\x16=\xa9\x19\xf2\xbd\x1d\xe8\x1e\xbc\x16\xaaa<w\xd4\xe3<sc\xa1\xbb\xa0\x1d\xaf<3.\x8f=i\xaa\xb5=\xca3\xb1<YdB=\xb1\xf5\x1d\xbe\xf1\xa9O=\x00J\x1a>\xf5\xc3d\xbd\x9e\x04f\xbd\x0f#\xba\xbb$p>=\xd5\'$\xbdN\x1e\x94<\xa7K:\xbd\x03k\xcf=\xa6|\xcf\xbdZ1W<\xd1\x96\xe8::F\xc2=\xf2\xfe\xfc<\xb0\xcc\x8c\xbd\x19?\xd0\xbd\x93\xad\xb2<\x14\n\x04=\x7f\xbc\xbf\xbd\xff\xe2u\xbd\xe3\xfd\x01>-\x7f}\xbdN})>\xa25k\xbdi\xf8\x86=)\xa5?\xbe\x02g%=\x1d\x87\x8b>\x11\xcb\xf9\xbd\xe3\x9c\xe9=\x07B\xb0=\xadD\x1b\xbdVpS=A\x99\x8e\xbd\xbd\x0c\xc8=\\\xf3\xa5=\x84|\xb3=\xde+\xe9\xbax\xa9\xe9\xbcj\x18\x81\xbc\tU\x15=\x03r0\xbd\xc1\xd4\xe2\xbd\xceC\xc1\xbd\x8buD\xbe\x1a\x8fM=\xf6d\x0e=1\xf8\x9e\xbd\xca\x91!=Q\xe8\xf7\xbdeH\xa5\xbb\xce\xc0`\xbds\x0cb\xbd\xe5Yi=\x84\x17\x95<#\xfb.: \x83=\xbdb\xa6\xf9;\xea$\xf4\xbc\xa2\xa42>6R>\xbcfKo\xbd\xf9\x01\xce<\xcb\x85-=\tW\xd7=\xff[\x84<#\xfb\x1a\xbd\xd3U\xbb;\x0cZ9\xbe\xfc/\xf3\xbd\xed4\x0e>G\xace\xbc\xef\x12\x1c\xbec\xef\xe9\xbcSO\xc9=\xbc\xd5\xa1=\x952-\xbc\xb7^\t>\xad,\xb0\xbc}{8\xbc\xf1O\xab\xba\xc3HE=\xcd\xa1\xae=\x91\xef\r>[x\x14=\x86\xd1\xec=\xcf\xc4j\xbe\x12\xdfb=n\xe8\xf7\xbc\x91\xaf\x99\xbd,@\xd3=[\x14f\xbd\x08>t='"
"b'\x96^U\xbd\xcbU\xd3=\x07\xb4\xe6\xbbl\x1e\xa2\xbd\xde\xcf\x98=""\x88\xfb=\xabg\xa6;#V\xcd\xba\x93b\x0c\xbe3l7>6\xa1R=Q\xc2\'\xbbX\xd5\x18>>;\xbe=\x03\xad$>RE3;\x80\xc6\x17>Q\x9c\x92=\xf4\xaf\xa6=Hd\x91=\xa9@^=\xe3\x17I\xbd\x8c\xe5\xb1<\x12|\r>\xa8\x0e\xab\xbc\xf5\xa6\x0f=\xaer\xda\xbd/c\xb7\xbd\xa9\xee<>\x19\x89\x83=i\xcd\x95=\x8aSk==\xe2~=\xf3\xae\xaf<\xcb\xd4\x1f=\xc9~\x11>\xef\x03\x91=8*\xcc=\x10~\x97\xbbAXK\xbd\x19\xa1!\xbc>\x02k<|\x16\'\xbc>\xe1\x9e\xbcI\x06\xd8\xbdf\xef\xb7<\x078!>\xf36m=8\x96\x0b\xbeb\xb7\x0f\xbe-\xf8R\xbd?h\x1d\xbdV\xf6\xa0\xbc""\xe5w\xbd\xebs\\=\xf5\xba\x19>\xba\xbcN\xbd\xf9\xd3#>\xf1\x18\x19\xbd\x05\x87^\xbd\xe69\x18\xbeY\xd8\t=f!\xd8=\xae\x96_\xbe\x8f\xa3*>\xac\xb1\x06> \x96g;\xda\xad\x85<\xbf\xe0\x0e\xbe6e\xd6:\xf0h\xb7\xbb<\xc0D=\xd0\x8a\xf2\xbd\xfd\xc4d\xbd\xf4%\xa4=+\xe2&=\x92\xea\xa5\xbb*\x99\x02>\xff~\x08>\xee\x8e\t\xbe\xdf\x99\xe0\xbd~\x84\x9c=|C=\xbd\xb9\xc1\xc7\xbb1+\'\xbb13 \xbd\xe5\xaf\xee<\xb9#\x87<\xf5\xf2q=>ww=u?v=\xe2l\xfd\xbc]wv=IOA=\xa8k\x87=\x0f\xb7\xa1\xbd\xf5h9\xbc\xed#\xfb=\xdf\x02\x1c\xbd\xfb\x05F<@K\xb6;\xa9\x9e\x8b<\x03YA\xbdU\xfb\xb3\xbbi\x81\x0e\xbe\x91\xc3A>\xf5\xbd\xb4\xbc\xcc\x14\x14\xbe\x98%\xf4=\x19S\x8c\xbdr\x81`\xbd\x9fr%=\r\xe9\xb3\xbc\x97\xf9\'\xbd\xd1\xc6\xa6=)r\xad<\'\xa2\x8d\xbd\x0e\x13,\xbe\\\x94O\xbd\x89J\xfa=\x9cq6=\xc2a\r\xbe\x1fQ-\xbd\xf9\xba\x8d=}\'\xe7\xbd\xc2\xc60>P\x8f%\xbd>\x82\xfa\xbc'"
"b'\xc3CT\xbd[\xf8\xb2:\xe3Ii\xbe\x16b\x02>\xffHg\xbc\x99\x9f\x91=\\C\x86;\x8a\x83\x0c\xbe\xfb9\xe6=\x90\xbd\xe2<c\x9f\x99=\xdf\'\n<\x812\xd2<|\x98\xb6=\x1b}_\xbd\xc0\x7fD=\xa7\xfcT=}\xbbG=\x87w\xaf=\xe4!\x93\xbc\x9cs)=\x8e\xd5\x0f\xbeo\x06\xcc<\xaa\xb7r\xbd\x9c\x98\x18=\x96}\x16\xbd\x14\x0b\xd9\xbdhm*\xbe\x1e@\xb4\xbc\xe2M\x02>\xfe$\x16>s\x98\x12>lt\x8f=\xb3\x89\'\xbeYW\xf3<\xab\xb0(>\xbc\xd2\xfd\xbd\xff\x1dF<\x9bB\x93\xbd\xa8{\xfb\xbc\xc9\x07\x9a\xbd\xe5\x8e\x85=0\x8a\x0b\xbe X\x93=?\x82T\xbc\xb5\x8c\xd9<CF\xd8<\xb3\xef \xbd\x8a;\xa3<\x94\xd9H\xbe\xd2\x91\x8c\xbd\nt\xce<\xc9\x18\xcb=\xf4\xe7\x0f\xbea\x1b*\xbd\xfd\xee\xf8=\x81\x80u\xbd~\x00\xb8=\t\xae\xac<\xc6\x9c\x8d=\x14&\xf2\xbd\xc8\xec6\xbc\x02@\x17>\xd9\xfb4\xbe*\xc8D>\x81\xa7\x0b\xbc\xceA\xd9<\xe4\x1f\xb2<\xcaIi\xbd\xe1\xeez=t7\xc9=\xb3\x99k=\x1e\x86.\xbd\xcd\x96\x13\xbe\xa3r\xe1\xbd&rs=\xd0u\xae\xbcM\xbe8\xbds\xa4-\xbeBG@\xbd\xcd\x0b\xd9\xbd\xf5KC\xbc\x02\xd0(\xbe\xcf\x08\x84\xbd\xba\xd3\xda\xbd+D4=\xff\xfe\x02\xbdJ\x01\x16\xbe\x99`\x9c\xbd\xbd\xcf\xcc\xbd]N\x86\xbd8\xfdn\xbc\x18\x00\xd9\xbcv\xe2\x18\xbd\xfe?\x17>\x94\xc3\xe6<\x05lI<\xf3\xac\xb9\xbc\xe1\x80\x82<E9\t>\xe5\x8b\xb7<\xb7\xf9\xdc\xbc\x13\xb34\xbc\xb2\xca\x05\xbe\x0cA\xca\xbd\xd3\xdf\xe4=\x84fw=\xd6\xaa\xc8\xbd\x89\x99\xae<\xa1Q[=\xde\xc3\xde\xbda\x1c\xa0\xbd\xe8\x06\xe5<,\x8e&\xbeI\xe1\xa0=}\xf0\x12=\xc88\x1e\xbd,j\x1f\xbd\xc4\xf0\xec=w\x14\x8a=K\xdb\x0c\xbd\xdfG\xec\xbdG\x16\xa4\xbc\xe2\xfa\xf8<\x8e\x9bM=\xc0""\x03>\x9c(\xd4\xbb\x92te='"
"b'\xfc&\xd9\xbd\x04\x8b\xd2=I\xf6t\xbeG\xa5\xff;2\x7f\x93<N\x8e-<\xc2\xe0-=\x07\xf5C\xbe\xcd\x87\xdb=\x9fg\x8e<z\xf8\x99\xbb\x9f\xaa>\xbb\x80L0:(K\xab=9\xb3\xc3\xbd\x17\xbb\xe8<S5\x85\xbc\xbb\x80\xb1:\x85\x9b\x87=\x07\x0e\x04\xbd\x9en\xf8\xbc>\n\x98\xbd/\t\x91\xbbqg\xec\xbd\xe6\x16\xdc\xbcc\x0b\x93\xbc2\xfc\xe4\xbd\x8d\xeb\xa6\xbd\x00\x92\x97=\x80;\x1a>\xbc\x8b\xa8=\xe9\x9a\t=W\xb0c=\x8aHs\xbe;\xd2\x9a=_-\xc0=u)\xa6\xbd\xf7\xb7\xe3<\x11{ \xbd\x18\xf3\xd7<\xa5P\xb8\xbd/\x81\xe7=\x97""\x84\xbdfD\xce=U\xc6\x01\xbc\xe0\xdc\x01>8;5=\xd3-\xaa\xbb\x8f\x13\x9f<V\xb1-\xbeI\xbe%\xbe\t\xec`</+\xb5=_\xbd\x0b\xbeN\x92\x9c\xbd1$\xd1=G\x9d\x8b\xbdqp+>\xc7\x8d<\xbd3i\xc2=\xcf\x07\xc0\xbdv\x8c]=\x86\xcbX>\xed-\xb3\xbdBf!>\xb0`\xba\xbc\x92\xf2\x04:\x8ek\xad\xbc\xde\xa0R\xbd\xc7\xf8a\xbd\x15\x04\x0b>x\xa3\xed<Z\xf5\x89<\xc0U\x9a\xbd\x82\xa8S\xbdbi\xd2=!\xcf\x90\xbdU\'\xae\xbd\xc4<\xd2\xbdAA\xd5\xbd\xb3\xb0\xd4\xbbW\xed\xb1<W\xd7%\xbe\xb0vN=g\x13\xa4\xbd\x062\xc5<\x05\x04\xa3\xbdj\x0b\x05\xbe7.p\xbd\x82\n\xbf\xbdg\xbe6\xbd\xe5\x1b\xac\xbc\x8c\x9f\r<\x14\x06l\xbd\x88M8>\x84H\xda\xbc\xe6\x9b3<q(#<\xda|\xd6<\x98\xca\x14>\xaa\xc3\x9b\xbc#8\x05\xbd\x1c\x0e\x00<\xf8\x10\x0f\xbe\xf4vA\xbejD\xea=q \x96=\x1f\xc9-\xbd\x17\xf2K<\xde\xfa\xd0=[_\x1c=\xfc\x1f\x03\xbeW\xc8%=\x19\xed\x9b\xbd\x1d\xee4\xbd\x11\x85\xa0=\x86\xb1\x8a\xbd^\xa9s=\x17\x1fz=\xc6\xc4\x04<T\x08\x8d\xbd\xa8H\xeb\xbdD*Y\xbd\x06\x96\x95\xbcK\x92b\xbdI\x85\x05>\x907\n\xbeG\xbe>;'"
"b""\xb1\xc8\xb4<f~\xf8=\xf3\x91\xcd\xbd\x18WB=\xe2'\x07\xbd+.\x8c=\xa5\x1c\xd7;%o\x8e\xbc\xf4\xa3\x9d\xbd\xae~4>\xcd\xe8\xdf=\xd9\xa9\x0b=\xd3\x00\x94=\xb3\xc8\xec\xbb\x12\xb6\x98\xbdj\xf3\r>\x9an\xee<\xb2\x93\xe6=\t\xad\xe9;\x9e\x14Y\xbc\x9cA\xdb=\xc1\xe8!\xbe[\x8e\x87=\xba\xe8\xb5\xbd\xbb\xe8\xcd<S4\xd1<#\xa8\xe3\xbc\xa5\xcc\x8d\xbd\xaa\xbe\xbc;$$\xd8=LO\xed\xbd\xcb\xa94>\x06$m=?Eo=\xe8\x91~\xbd\x1b\xc7_\xbd\x0c\xcd\x19=\x13\x9b\xd4=\x9b6\x1b>\xfbt\xda\xbcK\x8a\xc9\xbd\xf6b\xcb\xbd\x13 \xc8=\x8a\x95\x02\xbe\xa2\x05\xbf\xbcc\x0b\xe2\xbd\xb9F\xce=V\xa9\xcb\xbd\x1d=\xf7\xbd\t:\xf5\xbb\x8f\xa9(>\xe5!\xad=d5\xd9\xbd\xd6w\x04>\xee\x08\x13=\xf9{\x14=\xc3\x01.>\xbc-\xe2\xbd\xc0b\xe7\xbc\xbf\xa8\xe6\xbc\xe4{H\xbct\xe3\xfb\xbdwHg=\xeb\xec2\xbe)\xe7\xc9=\xbbe\xa5=G\xc5\xdd\xbd\x00\xb5\xb6=g \x80\xbd\xe7\xa7\xa3=_\x80\xde\xbc\xb0\x12r=\xd1\xc0\x03\xbe\xba#\xeb<M\xbc\xd3<\xaf\xc1\x81<\x8a8\xe9=eF\x93</E\xab\xbdx\x12\xc1\xbd\xd1}\x07\xbe\xaf\xda\xdf\xbc\x90\x0fv=V\xe6\x00=\xe6\xa1\xce\xbd\x05n\xec=[\xe9\x97\xbc\xd37\xcd\xbc\x88.\x1f>\x0c\xd05\xbc\x1bg\xef\xbd\x11H\x0c\xbeD\xc6K\xbd\x83\xcen=\x8de\xac<\xaf6\x96\xbc|u\x06\xbd^\xb2\x0e>!\x0b\r<\x93\xa32=\xe4\xfd<=@\xcd\xcd\xb9\x8ce\xcf\xbc\xa3\x90<>$\xa0\x13>\x12\xed@=\xdd\xef\x1f\xbcC\xc0\x91=\x08\x9b\xba\xba \xdd\x0e\xbe\xbd4i\xbe(\xaa\x14=\xe6\xe6\x1d=\xd7\xb2\x00\xbc\rq\x18>\xcc\xfc)\xbd\xfd\xa31=p\n=\xbc\xea\xfe\xd6=\xc9\xbc\x90=l8P=%o\x03\xbd\x81\xa8\x07>\\q\xce\xbb\xc5\x0c\xbd=\xe1\x13\\=\xb6P\xee=\xc3%\x84="""
"b'\xa6\x07\x9c<\xa8Pg>\xf7f\x19\xbd[\xc6\x95=\xbc\xda9\xbdF\xfdy=d8k\xbc\xa0\xbc\xaa\xbc\x98\x9f\xbc<\x88\x1c\x12>SB\x08>\xfe\xa3\x11\xbc\xbf\x1b]=\xa4\x1c\xf6\xbc\xed\xddF\xbbc\xb9\xcc=k\xe2>=\xe2\xc5\xb8=\x1a\x82\x9b\xbd\x8b\xd05\xbbZ\xcb =\x8d\xde\xd9\xbd\x1d3\x9c=5\xd5\x1e\xbd\x18\xa4j=\x18\xb5\x0e\xbe\x03\xe3)\xbc\x93,/=\xcb\x15\xcf\xbb\xb3D\xc6=a\xf6\x1b\xbd\x00m\xc1=b\xec\xac=+T\xde=fl\x85\xbd\x00\xcfD\xbd""\x1f\xac=\x07`w=\xbc\xdc\xa1=\xbe\x8c\xd9<rM\xcf\xbd\xf0\xea\xe0\xbd8\xf2\xd4=\xc8\xab\x15\xbe\xe4\x0b\xcc\xbb\x9f\x9a\x0b\xbeT\xedJ=\xaa\xf3*\xbd\xcd\x16z\xbdG\xe4\xf5=|\xbc;>\xea\xf5\xb3=\x81I\x11\xbeN\xc1\xa6=Qy\x94\xbc\x1c\xff\xd9<\x07$U=7\xb4\x1a\xbe\x19-k\xbcf\xd8\xca\xbb\x85\x11\xb1\xbd\xbf\x05\x02\xbe]\x02D\xbc\xe6\x9dk\xbe#\xcfg=\xd2\xc5\x88=\xb1\xfe\x85\xbdj\xd6\xc3<\x8a\xe5?\xbe\xaa\x98\xb7=\xd3Y\x8e\xbbO\x96k=\x12t\xce\xbdE)7=&\x1a\x12=\xbf*=\xbc\xed\xa3"">e\x1dQ:j\x92\xac\xbd\\L=\xbdq\x84\xb9\xbd\xc7s\xac\xbd\xbb\xbcY=\x83\xb7l=V\x19:\xbd\xd5\xbc\xe7=!\xbd\xbd\xbdo?\xa0\xbd4, >\xa6\xcba=hV\x0c\xbe\x91\xab?\xbe\xdd\xa1\x0f\xbd\xde\xcaW=\xcbk""=\x1f:\xf8\xbc\xc8\x85\xad\xbd.\xbc\x9d=f\xf0\xec\xbc\x85\xdc =P\x8b;<\xde\x88\x87;\xc5\x0f\x01\xbd\xd8/(>,J\n>\xe5\x14~=\x0bKy<\xcb\xbb\x14=\xc6\n\xa6<\xa0\x8d\xbc\xbd\x91CT\xbed\xae/=F\xe9_=\x1bo\xae=fj\x90=\xba\x07\xb7\xbd+J\xaf=\x01\x90\xb5=-5\xd5=&\x03\xf2= \xcd2=*\x10\xb8;\xca\xb7\x98=D\xe9\x95=\xbc\xc1!>\xba\xaaQ\xbc?A\x1c>\xc2R\xea<'"
"b'\x10\x8b\xd3=^\xe4\xf8=\xaep\xb2\xbd\xb8\xf9\xb5=+\xbf\x8f\xbc\xdb\x9c\xcb=\xfb\x05\x00<\xaf\xb0\xec\xba\x03\xd2\x01=\xb7\xfb\xb9=4\n\x18>6`\xa6;\xd4\x81p=\x10V\x8c\xbdQ"">\xbd\xdf\x1d\xd1=\x06\xe7(=\xa52\xed=\xdf\x8e|\xbd\x850\x8f;\x1a\xa4\x1f>\xc3p\xcc\xbd\xfd\xa7Y=\xf1!\x8b\xbdz\xfcN=\xda\x15\xa0\xbd\xfdQ\x88\xbd\xb9""\x9c\xbd\x97\xe7&\xbc\xc0\xbf\xfb=s\xae\xca\xbc\x88\xd2=>]V==QS\xe9=\x9e\x1c\xe5\xbc\xe8ZY\xbd\xe2\xf8v=@\x8f\xa8=_\xc9\x14>\x89\x06l\xbd\xee\xd9\xc0\xbd\x052\xc0\xbd\xf7ED=f:\xd1\xbd\xe5\x91 :Ym5\xbe6e\x03=\x02\xd5i\xbd\x10\xde^\xbd\xb3\x17s=\x07\xf6\x10>>p\x00>g\xe1\xc8\xbd\x12\x0e\xdf=\x1a\x95\xed9\x85\xb5\xf4\xbac\xdd\xd6=$\xf0!\xbe=\x8fW\xbd\xf9o_\xbdO\x19 \xbd3\x9c""\xbe\xa3\xa3C=\x83\xd4P\xbe\x0f\xca\xd1<R\xfd\xc6<\xd8\x93$\xbd\xc00}=\xff5\x9c\xbd\x0b\x10\xc0=\xa1A\xb2\xbc\xec0:=\xb9\xf9\n\xbeR\x8d\xb3<\x85\xa2\x81\xbd\x93\xb4~\xbdxB\x02>1\x07\xae\xbc}\x16\xdc\xbd\x03\x8b\x81<&\xcd\xd6\xbd\x00\xb3G\xbcXD@=\x1f!\x00;d\x9bp\xba&9\xc9=\xf5\x8f%\xbd|\xefO\xbd&\x84"">\x94\'\xa1<\xa9;V\xbd\xca\x9c&\xbebP\xc5\xbdi>\x89=\x00\xfa\x98<,\xb5@\xbda\xec}\xbd\x9ce\xa1=Q\xec2\xbdH\xa2&=\x87O\x85=\xf8\xfa\xe6;\x1a\x9d\xe8\xbc\xc8|)>\x80n\r>\xb5\xd7\x11=\x8e\n\x14=RWA=\xf5\x83M=\xc48\x97\xbd\x15x]\xbea\x87\xba<d\xe6\x1f\xbd\xee\xb3\x01=[\xff+>\x8c$c\xbdk\t\xa6=\ti\xe6\xbc\xcdY\x04>\xe6a\xb0=%\xa6\x82=Z\x9c\'=]\x80\n>\xc0U\x9b=\n\x8e\x18>\x9b\xc5M\xbd\x7fvX>\xd9\xd6\x83='"
